"text","cmp_code","eu_code"
"2018 SEÇİM BİLDİRGESİ","H",NA
"DEĞİŞMELİ. DEĞİŞİR. DEĞİŞTİRELİM...","H",NA
"Türkiye bugün, derin bir demokrasi krizi içindedir.","202.1",NA
"Demokrasi krizi, Türkiye halklarını tek bir kalıp içinde eritmek ve her şeyi tekleştirmek isteyen ‘Erdoğan rejimi’nin eseridir.","202.1",NA
"Bu BİZ’lerin kaderi değildir.","H",NA
"Ayakta durabilmek adına tüm ülkeyi OHAL’le tutsak alan,","201.1",NA
"parlamentoyu işlevsizleştiren, demokratik siyaseti tasfiyeye soyunan,","202.1",NA
"ülkenin neredeyse üçte birine kayyum atayan bu iktidar demokratik meşruiyetini yitirmiştir.","301",NA
"Değişmelidir.","H",NA
"Meşru olmayan referandum sonuçlarına dayanarak, ‘partili Cumhurbaşkanlığı’ gibi bir garabet ile yola devam edeceğini sananlar, 24 Haziran’da duvara çarpacaklardır.","202.3",NA
"Ülkeyi uçuruma sürükleyenlere cevabımızı 24 Haziran’da sandıkta vereceğiz.","202.1",NA
"24 Haziran, halklara,","607.1",NA
"kadınlara,","706",NA
"emekçilere zulmeden,","701",NA
"doğayı talan eden bu iktidarı değiştirme zamanıdır.","501",NA
"24 Haziran, Türkiye’de güçler ayrılığını, yargı bağımsızlığını, denge-denetleme mekanizmasını, işlevli, çoğulcu ve demokratik bir parlamentoyu var etmek için, HDP ile barajı yıkma, umudu geleceğe taşıma zamanıdır.","202.1",NA
"24 Haziran’da halkların iradesini ve geleceğini gasp etme peşinde olanlar gidecek.","202.1",NA
"İnanırsak değişir...","H",NA
"24 Haziran seçimlerini, emek-demokrasi güçlerinin,","701",NA
"halkların,","607.1",NA
"kadınların, gençlerin,","706",NA
"çiftçilerin,","703.1",NA
"esnafın zaferine dönüştüreceğiz.","402",NA
"Parlamentoda çok daha güçlü bir biçimde yer alacağız.","305.1",NA
"HDP, Türkiye partisidir.","305.1",NA
"Türkiye, HDP ile parlamentoda var olacaktır.","305.1",NA
"HDP, bugün ülkenin içinde bulunduğu krizi emekçilerin ve ezilenlerin lehine dönüştürebilecek","701",NA
"ve Türkiye’nin demokratikleşmesinin yolunu açabilecek yegâne partidir.","202.1",NA
"HDP, emekçileri ve ezilenleriyle,","701",NA
"kadınları ve gençleriyle,","706",NA
"farklı din ve inançlarıyla Türkiye’nin çok kimlikli, çok kültürlü, çok inançlı, çok dilli yapısını kapsayacak; ülke halklarına insanca ve onurlu bir “yeni yaşam”ı armağan edebilecek tek partidir.","607.1",NA
"HDP, kararlı bir demokrasi ve barış mücadelesiyle toplumun tüm mağdur kesimlerinin umududur.","706",NA
"HDP, “büyük insanlık”tır.","305.1",NA
"HDP, gücünü ve meşruiyetini Türkiye halklarından alır.","607.1",NA
"Türkiye halkları, 24 Haziran’da da -7 Haziran ve 1 Kasım 2015’te olduğu gibi- yine hem HDP’yi parlamento dışına itmek isteyenlerin oyunlarını bozacak, hem de bu çabaya rıza gösterip göz yumanları utandıracaktır.","305.1",NA
"HDP olarak halklarımıza,","607.1",NA
"emekçilere ve ezilenlere,","701",NA
"bütün barış,","106",NA
"demokrasi","202.1",NA
"ve özgürlük güçlerine büyük bir inançla diyoruz ki: Hep birlikte mücadeleyi büyütelim.","201.1",NA
"Halkların demokratik alternatifini oluşturalım.","301",NA
"Bu gidişatı değiştirelim.","301",NA
"Özgürlüğün sesi ol.","201.1",NA
"Barışın sesi ol.","106",NA
"Bütün Türkiye’nin sesi ol.","606.2",NA
"Haydi değiştirelim!","606.2",NA
"YENİ YAŞAMI KURMAK ELİMİZDE","H",NA
"AKP’nin “tek adam rejimi” güçler ayrılığını, demokrasiyi,","202.1",NA
"hak ve özgürlük arayışını,","201.2",NA
"kadın özgürlüğü ve eşitliğini yok sayan otoriter bir rejimdir.","503",NA
"HDP, “tek adam” otoriterliğİne açık biçimde karşıdır.","202.1",NA
"Geçmişin vesayetçi anlayışıyla ifade edilen parlamenter sistemin, halkları, kimlikleri ve inançları eşit düzeyde görmeyen otoriter anlayışına da karşıdır.","607.1",NA
"24 Haziran’da ya ‘tek adam otoriter rejimi’ kurumsallaşacak ya da “büyük insanlık” kazanacak.","202.1",NA
"Özgürlükçü laikliğin,","201.2",NA
"çoğulculuğun,","202.1",NA
"kuvvetler ayrımının merkeze alındığı","202.1",NA
"çok dilli, çok inançlı, eşit yurttaşlık temelli","607.1",NA
"demokratik","202.1",NA
"anayasa, ülkedeki tüm toplumsal grupların katılımı ile hazırlanacak.","606.2",NA
"Düşünce, ifade ve örgütlenme özgürlüğü, din ve vicdan özgürlüğü, basın özgürlüğü, cinsiyet özgürlüğü, barış hakkı, hakikat hakkı,","201.2",NA
"sendika kurma hakkı, grev ve toplu sözleşme hakkı,","701",NA
"sosyal güvenlik hakkı, temel gelir hakkı, konut hakkı, engelli hakkı,","504",NA
"temiz suya ve yeterli gıdaya erişim hakkı,","501",NA
"vicdani red hakkı,","201.1",NA
"kültürel kimlik hakkı, anadilini kullanma hakkı,","607.1",NA
"eğitim ve öğrenim hakkı,","506",NA
"bilgi edinme hakkı,","201.2",NA
"adil yargılanma hakkı,","202.1",NA
"çocuk hakları, yaşlı hakları,","706",NA
"hayvan hakları...","501",NA
"Demokratik Anayasa’da bütün özgürlükler ve haklar garanti altına alınacak.","201.2",NA
"Demokratik anayasa,","204",NA
"merkezin tahakkümüne karşı yereli,","301",NA
"devletin tahakkümüne karşı toplumu,","201.1",NA
"erkek egemen zihniyetin tahakkümüne karşı kadını,","503",NA
"sermayenin tahakkümüne karşı emeği","701",NA
"ve doğayı temel alan","501",NA
"yerel demokrasi anlayışını esas alacak.","301",NA
"Üniter devlet yapısına ve demokratik parlamenter sisteme tezat oluşturmayan, aksine bu sistemi güçlü kılan yerel demokrasi, demokratik yerinden yönetim modelidir.","301",NA
"Yerel demokrasi, hem merkezin yerel tahakkümünü engelleyecek,","301",NA
"hem de siyasi istikrarı ve kamusal yaşamın demokratik gelişimini sağlayacaktır.","202.1",NA
"Demokratik anayasanın verdiği güvence ile yerel demokratik yönetimler tüm Türkiye’de demokratik bir idari yapının teminatı olacaktır.","301",NA
"Demokratik anayasa ile güvence altına alınmış yerel demokrasiye dayalı Demokratik Cumhuriyet, tekçiliğin değil çoğulculuğun, otoriterliğin değil demokrasinin,","202.1",NA
"ayrışmanın değil bir arada yaşamanın çatısı olacaktır.","607.1",NA
"KÜRT SORUNUNU ÇÖZECEĞİZ DEMOKRATİK CUMHURİYETİ İNŞA EDECEĞİZ","H",NA
"Türkiye halklarının huzura, güvene, refaha kavuşmasının yegâne yolu Kürt sorununda kalıcı barışı sağlamaktır.","202.1",NA
"Kürt sorununun çözümü, demokrasi sorununun çözümüdür.","202.1",NA
"Barış, sadece çatışmaların, ölümlerin ve acıların olmaması değil, aynı zamanda erdeme, iyiliğe, bir arada yaşama doğru atılan en büyük adım olacaktır.","106",NA
"Barış mücadelesi demokrasi mücadelesidir, özgürlük mücadelesidir.","106",NA
"Özgür bir ülke için,","201.1",NA
"Demokratik Cumhuriyet için,","202.1",NA
"yerel demokrasi ile","301",NA
"güçlendirilmiş parlamenter sistem için,","202.1",NA
"tekçi anlayıştan kurtulmak için atılacak en güçlü adım barış olacaktır.","607.1",NA
"24 Haziran kalıcı ve onurlu bir barış için umuttur.","106",NA
"Savaş politikalarıyla iktidarını sürdürmeye çalışanlara, kayyumcu zihniyete, ablukalarla ve yıkımlarla insanları yerinden edenlere inat, barış diyenler kazanacak.","106",NA
"24 Haziran, eşit yurttaşlık temelinde farklılıklarımızla birlikte yaşayabileceğimiz bir Türkiye’de kendimizi de, kentimizi de, ülkemizi de yöneteceğimiz dönemin başlangıç günüdür.","607.1",NA
"Anadillerimizle, kendi kimliklerimizle ve kültürlerimizle var olduğumuz, tekliğe karşı çokluğun hâkim olduğu","607.1",NA
"‘Demokratik Türkiye’ye açılan yeni bir kapıdır.","202.1",NA
"Kürt sorununun çözümü, kadim halkların ortak yaşam iradesinden geçmektedir.","607.1",NA
"Ortak vatanımızda bir arada yaşayacağız.","607.1",NA
"Demokratik Cumhuriyeti","202.1",NA
"ve kalıcı barışı birlikte var edeceğiz.","106",NA
"en güzel ülke adaletin olduğu ülkedir.","H",NA
"MAHKEMELER TARAFSIZ VE BAĞIMSIZ OLACAK","H",NA
"“Tek adam rejimi” Türkiye’yi adaleti arayan bir ülke haline getirdi.","202.1",NA
"20 Temmuz OHAL sivil darbesinden sonra yargı tamamen siyasallaştı, HSK ve mahkemeler iktidarın emrine girdi.","202.1",NA
"AİHM kararları artık Türkiye tarafından uygulanmamaktadır.","202.1",NA
"Milletvekillerimiz ve belediye eş başkanlarımızın da aralarında olduğu tüm muhalifler, adil olmayan yargı kararları ile cezaevinde tutulmaktadır.","202.1",NA
"İktidarın siyasi taleplerinin aksi yönünde karar veren hâkimler ya ihraç edilmekte ya da tenzil-i rütbeye uğramaktadır.","202.1",NA
"Düşünce, ifade ve örgütlenme özgürlüğünün önündeki tüm engelleri kaldıracağız.","201.2",NA
"OHAL’i kaldıracağız.","202.1",NA
"Haksız ve hukuksuz bir şekilde KHK’lerle ihraç edilen tüm kamu emekçileri işlerine geri dönecek.","202.1",NA
"OHAL’e dayanılarak kayyım atanan belediye eş başkanları görevlerine geri dönecek.","301",NA
"KHK’lerle kapatılan tüm muhalif medya ve sivil toplum kuruluşları yeniden açılacak.","606.1",NA
"AKP döneminde, kayırmacılık ve usulsüzlük içeren tüm atamalar ve sınavlar tespit edilerek adalet sağlanacak.","605.1",NA
"15 Temmuz darbe girişiminin siyasi ayağı açığa çıkarılarak yasal işlem başlatılması için adım atılacak.","605.1",NA
"HSK’nin yapısı yeniden düzenlenerek özerk bir kurum haline dönüştürülecek.","202.1",NA
"Adalet Bakanı HSK yapısından çıkarılacak.","202.1",NA
"Yargının bağımsızlığı, tarafsızlığı ve demokratikleşmesi için gerekli yasal düzenlemeler yapılacak.","202.1",NA
"İddia ve savunma makamları yargı sisteminde eşit hale getirilecek.","202.1",NA
"Savcılık ve savcıların çalışma büroları adliye binaları dışında ayrı bir kamu binasında olacak.","202.1",NA
"Savcılığa bağlı adli kolluk teşkilatı oluşturulacak.","202.1",NA
"Adli kolluk teşkilatı soruşturma sırasında avukatlara da hizmet sunacak.","202.1",NA
"Ev, işyeri ve üst aramalarında, gözaltına alma ve tutuklamalarda keyfi uygulamalara son verilecek.","202.1",NA
"Herkesin anadilinde hizmet alabileceği yargı koşulları oluşturulacak, mahkemelerdeki tercümanların parasının yargılananlar tarafından ödenmesi uygulamasına son verilecek.","607.1",NA
"Özel yaşamın gizliliğini ihlal eden yasadışı telefon dinlemeleri engellenecek, mahkemelerde delil olarak kabul edilmeyecek.","201.1",NA
"SİYASİ PARTİLER VE SEÇİM YASALARINI DEĞİŞTİRECEĞİZ!","H",NA
"AKP, “tek adam” rejimi ile siyasi partileri lağvetmek, tek parti devleti modeline geçmek istemektedir.","202.1",NA
"Siyasi Partiler Yasası’nda tabanın, seçmenlerin, üyelerin kararlara doğrudan katılabildiği düzenlemeler yapılacak.","202.1",NA
"Seçim barajı kalkacak.","202.1",NA
"Temsilde adaleti sağlamak için Meclis’te bütün partilerin aldıkları oy oranında temsil edilebilmesinin yolu açılacak.","202.1",NA
"Kadınların eşit temsiliyeti ve katılımı güvence altında olacak.","503",NA
"Eşbaşkanlık sistemi siyasi partilerin bütün kademelerinde yasal hale getirilecek","503",NA
"Milletvekili dokunulmazlıkları, kürsü dokunulmazlığı ve ifade özgürlüğü ile sınırlandırılacak.","201.2",NA
"Kamu emekçilerine siyasi partilere üye olma ve siyasi faaliyet yapma hakkı tanınacak.","701",NA
"en güzel ülke insan haklarına saygı duyulan ülkedir.","H",NA
"İNSAN HAKLARI GÜVENCE ALTINDA OLACAK","H",NA
"2002 yılında insan hakları vurgusuyla iktidara gelen AKP, 16 yıl boyunca yaşam hakkından işkenceye, ifade özgürlüğünden toplanma özgürlüğüne kadar tüm anayasal hak ve özgürlüklerde adeta bir enkaz bıraktı.","201.2",NA
"15 Temmuz darbe girişimini bahane ederek taraf olduğu uluslararası sözleşmeleri (örneğin Avrupa İnsan Hakları Sözleşmesi) askıya aldı.","201.2",NA
"AKP’nin militarist, eril ve nefret söylemi içeren dili insan haklarını ihlal edenleri cesaretlendirdi.","201.2",NA
"Cezasızlık sistematik hale getirildi.","201.2",NA
"Barış isteyen yurttaşlar ve akademisyenler kovuşturmaya uğradı ve tutuklandı.","201.2",NA
"AKP tarafından OHAL’de askıya alınan ve fiili uygulaması gerçekleştirilmeyen insan hakları sözleşmelerini tekrar uygulamaya başlayacağız.","201.2",NA
"İşkence ve kötü muameleye mutlaka son vereceğiz.","201.2",NA
"Hak ihlali yapan kamu görevlilerinin yargılanmaları önündeki yasal ve idari engelleri kaldıracağız.","605.1",NA
"İnsanlığa karşı suçlarda zamanaşımını kaldıracağız.","605.1",NA
"Gözaltı süresi tüm suçlamalar için en fazla 1 gün olacak.","605.2",NA
"Somut delil olmadan yargılama yapılmasına izin vermeyeceğiz.","202.1",NA
"İNSANLIK ONURU İÇİN DEĞİŞTİRECEĞİZ","H",NA
"2018 yılı Mart ayı itibariyle Türkiye’de cezaevlerinde yaklaşık 225 bin mahkûm bulunmaktadır.","605.2",NA
"Cezaevlerinde doluluk oranından ötürü insanlık onuruna aykırı koşullar açığa çıkmaktadır.","605.2",NA
"Yurttaşlar adalet isterken, AKP halklarımıza yeni cezaevlerini yatırım müjdesi olarak sunmaktadır.","605.2",NA
"Cezaevlerinde yoğunlaşan insanlık onuruna aykırı ortam ve muameleler neticesinde, siyasi tutsaklar peş peşe yaşamını yitirmektedir.","605.2",NA
"Cezaevlerinde bulunan binlerce siyasi tutsağa “rehine” muamelesi yapılmaktadır.","605.2",NA
"Cezaevlerinde çocuklara yapılan taciz, tecavüz ve kötü muamele korkunç boyutlara ulaşmıştır.","605.2",NA
"Hasta mahpuslara sunulması gereken sağlık desteği sağlanmamaktadır.","605.2",NA
"Hasta mahpusların derhal serbest bırakılmasını sağlayacağız.","605.2",NA
"Mahpusların dışarıda tedavi edilebilmeleri için tam teşekküllü devlet hastanelerinden alınacak raporlar yeterli görülecek.","605.2",NA
"Başta cezaevinde bulunan 70 bine yakın öğrenci olmak üzere haksız yere tutuklu olan gazeteciler, kadınlar, siyasetçiler TCK’da yapılacak adil düzenlemeler ile özgürlüğüne kavuşacak.","202.1",NA
"Cezaevlerindeki tecrit uygulamalarına son verilerek cezaevi idarelerine verilen “infaz yakma” yetkisini kaldıracağız.","605.2",NA
"“Politik suçlar” suç kategorisi olmaktan çıkarılacak.","201.1",NA
"Nefret suçları ile insanlığa karşı işlenmiş suçlar dışında,","605.1",NA
"hiç kimse politik görüşleri ve eylemi nedeniyle suçlanmayacak.","201.1",NA
"F Tipi Cezaevi uygulaması bitecek.","605.2",NA
"Siyasi tutsaklara genel af getireceğiz.","605.2",NA
"Terörle Mücadele Yasası, İç Güvenlik Yasası, Toplantı ve Gösteri Yürüyüşleri Yasası ve Polis Vazife ve Salahiyet Yasası’nı kaldıracak, Ceza Yasası’nda gerekli demokratik değişiklikleri yapacağız.","605.2",NA
"Çocuk cezaevleri kapanacak.","605.2",NA
"Cezaevleri sivil denetime açılacak.","605.2",NA
"HALKLARA EŞİTLİK, İNANÇLARA ÖZGÜRLÜK","H",NA
"Türkiye’de AKP dönemi kadar halkların ayrıştığı, inançların baskı altına alınarak özgürlüklerinin elinden alındığı başka bir dönem olmamıştır.","201.2",NA
"AKP’nin inancı siyasete alet eden tavrı ve inançlar arasında ayrımcı yaklaşımı inanç özgürlüğünü engellemekte toplum sal ve inançsal yozlaşmaya sebep olmaktadır.","201.2",NA
"Özgürlükçü laiklik anlayışını ısrarla savunacağız.","201.2",NA
"İnançların devletin tekeline alınmasına son vereceğiz.","201.2",NA
"İnanç ve vicdan özgürlüğünü eşit yurttaşlık temelinde anayasal güvenceye kavuşturacağız.","201.2",NA
"Biz’ler, din, mezhep, felsefi görüş ayrımı yapmaksızın, tüm halkların ve inançların kendilerini özgürce ifade etme hakkını savunacağız.","607.1",NA
"Demokratik Anayasa ile din ve devlet ilişkilerini düzenleyen tüm yasal ve kurumsal ilişkileri yeniden organize ederek İnanç Hizmetleri Üst Kurulu’nu kuracağız.","201.2",NA
"Bu kurulda her inançtan bir temsilci bulunacak.","607.1",NA
"Başta Cemevleri olmak üzere, Alevilerin bütün ibadet mekânlarını “ibadethane” olarak tanıyacak ve kamu güvencesi altına alacağız.","607.1",NA
"Her öğrencinin kendi inancı ile ilgili ders alma özgürlüğü olacak.","607.1",NA
"Devlet tarafından el konulmuş vakıf malları ve taşınmazlar iade edilecek, benzer uygulamalara son verilecek ve devletin tasarrufundan doğan maddi zararları tazmin edilecek.","202.1",NA
"Yurttaşların yaşam biçimi ve kıyafetine müdahale edilmesine hiçbir şekilde izin verilmeyecek.","607.1",NA
"Farklı inanç ve halkların kutsal değerlerini ve mekânlarını tehdit eden, kültürel yaşam alanlarını yok eden yapılaşmalar olmayacak.","607.1",NA
"GEÇMİŞ VE HAKİKATLERLE YÜZLEŞME","H",NA
"Geçmişi ile yüzleşmeyen toplumlar bugünlerini anlayamaz ve geleceklerini kuramazlar.","305.6",NA
"Barış içinde yaşamanın şartlarından biri geçmişle yüzleşme ve hakikat arayışıdır.","305.6",NA
"Tarihte farklı halklara ve inançlara karşı yapılan soykırım ve katliamlar karşısında, bu halklardan devlet adına özür dilenmesi için gerekli çalışmaları yapacağız.","305.6",NA
"Yaşanan soykırımlar, tehcir, katliamlar, infazlar, kayıplar ve benzeri uygulamaların araştırılması ve hakikatlerin ortaya çıkarılması amacıyla “Hakikat Komisyonları” kuracağız.","305.6",NA
"ZORLA YERİNDEN EDİLENLER VE ZORUNLU GÖÇ","H",NA
"Zorla yerinden edilme ve zorunlu göç bir topluma verilecek en büyük zararlardan biridir.","201.2",NA
"Sosyal, siyasi ve ekonomik boyutları olan bu zararın, etkisi yüzlerce yıl sürmektedir.","201.2",NA
"Biz’ler, yerel demokrasi anlayışımızla yerinde yaşamın kurulması için zorunlu göç hafızası ile yüzleşerek tazmin ve çözüm yolları üreteceğiz.","201.2",NA
"Bugüne kadar zorla yerinden edilmeler nedeniyle devlet veya yerleşik kişiler tarafından işgal edilen tüm mülkler sahiplerine iade edilecek.","201.2",NA
"2015 yılında başlayan sokağa çıkma yasakları adı altındaki ablukalarda, yerinden edilenlerin tüm zararı tazmin edilecek.","201.2",NA
"Mayınların ve savaş atıklarının Ottowa Sözleşmesi gereğince temizlenmesini,","105",NA
"mayınlı arazilerin tarımsal üretim yapmak üzere kullanıma açılmasını sağlayacağız.","703.1",NA
"Sınır barajları ve HES projeleri ile kentsel dönüşümün neden olduğu yeni zorla göç ettirme politikalarına son vereceğiz.","408",NA
"Kentten köye geri dönüşü teşvik edeceğiz.","408",NA
"Dönüş yapanların üretime katılmaları için maddi destek sunacağız.","402",NA
"KORUCULUK SİSTEMİ KALDIRILACAK","H",NA
"Koruculuk sistemi lağvedilerek suça karışmış olanların yargılanması sağlanacak.","605.1",NA
"Bu gruplar tarafından el konulan mülklerin iadesiyle sebep oldukları zararın tazmini gerçekleştirilecek.","202.1",NA
"Suça bulaşmamış olan korucular toplum yararına programlar kapsamında istihdam edilecek.","701",NA
"VİCDANİ RED HAKKI GELECEK","H",NA
"Türkiye’nin imzasının bulunduğu uluslararası sözleşmeler, AİHM kararları ve aynı zamanda inanç ve vicdan özgürlüğü hakkını söz konusu eden Türkiye Anayasası, vicdani red hakkının yasalaştırılmasını gerekli kılar.","201.2",NA
"Eline silah almak istemeyen, militarizme karşı olan gençlerin zorunlu askerlik yapmama hakkını güvence altına alacağız.","105",NA
"NEFRET SUÇLARI CEZASIZ KALMAYACAK","H",NA
"Nefret söyleminin temelinde önyargılar, ırkçılık, yabancı düşmanlığı, her türlü ayrımcılık, cinsiyetçilik ve homofobi yatar.","607.1",NA
"İnsanların nefret söylemiyle damgalanmasına, suç algısı ve düşmanlık yaratılmasına karşı duracağız ve nefret suçlarının cezalandırılması için çalışacağız.","605.1",NA
"SIĞINMACILAR VE MÜLTECİLERE EŞİT VE ÖZGÜR YAŞAM","H",NA
"Türkiye’de farklı statülerde 4,3 milyon göçmen yaşıyor.","201.2",NA
"AKP, mültecileri “misafir” olarak tanımlamaktadır.","201.2",NA
"Ulusal/uluslararası sorumluluklarını yerine getirmemekte ve mültecilerin haklarını inkâr etmektedir.","201.2",NA
"Geçici Koruma Rejimi uluslararası normlara uygun değildir.","201.2",NA
"AKP’nin mülteci politikaları neticesinde, Türkiye’de mültecilere yönelik nefret söylemi yükselmekte ve linç girişimleri gerçekleşmektedir.","201.2",NA
"AKP’nin AB ile mültecilerin yaşamı üzerinden yaptığı pazarlıklar ise dünya tarihinin kara sayfalarında çoktan yerini almıştır.","201.2",NA
"Mültecilere eşit yurttaşlık hukuku kapsamında, özgür ve eşit bir toplum inşa edeceğiz.","201.2",NA
"Mülteci ve sığınmacılarla ilişkileri “yardım kampanyası” üzerinden değil, “hak konsepti” üzerinden kuracağız.","201.2",NA
"Mülteci kamplarını ulusal ve uluslararası kurum ve kuruluşlar için her zaman denetime açık tutacağız.","201.2",NA
"Mültecilere yönelik ırkçı, milliyetçi saldırılar ve nefret söylemi ile ilgili yasal düzenlemeleri yapacağız.","201.2",NA
"1951 Cenevre Sözleşmesi’ndeki çekinceleri kaldıracağız ve mülteci statüsünün Avrupa dışından gelenler için göç ve iltica kapsamına dâhil edilmesini sağlayacak düzenlemeleri gerçekleştireceğiz.","602.2",NA
"Mültecilerin can güvenliğini sağlayacağız.","607.2",NA
"Göçmen işçilerin yaşadığı barınma, sağlık, kayıt dışılık, eşitsizlik, iş güvencesi, sendikal örgütlenme hakkı ile ilgili sorunlarını çözeceğiz.","607.2",NA
"Mülteci kadınların iş ve sosyal hayatta karşılaştıkları bütün zulümleri ivedi bir şekilde çözeceğiz.","607.2",NA
"Mülteci çocuklarının eğitim haklarını anadilinde almaları için gereken tüm hazırlıkları yapacağız.","607.2",NA
"en güzel ülke ekonomide adaletin olduğu ülkedir.","H",NA
"Türkiye ekonomisi hasta, adeta boğuluyor!","408",NA
"İşçiler, çiftçiler, emekliler, memurlar, gençler, kadınlar kısaca toplumun neredeyse tamamı hayat pahalılığının altında eziliyor.","409",NA
"Esnaf kepenk kapatıyor.","402",NA
"Aileler, “nitelikli” ve ücretsiz eğitim hizmeti alamadıkları için çocuklarının geleceği hakkında ciddi kaygılar taşıyorlar.","506",NA
"Ek ödemelerin yüksekliği nedeniyle, nitelikli bir sağlık hizmeti nerdeyse hayal oldu.","504",NA
"Asgari ücretliler açlık sınırının altındaki maaşlarıyla değil ayın sonunu, ortasını dahi getiremiyor.","701",NA
"AKP, 16 yıllık iktidarının sonunda, uyguladığı ekonomi politikalarıyla, yalnızca bir avuç yandaşını zenginleştirdi.","403",NA
"Saray, kendine yandaş 20 dolar milyarderi ve 40’ı aşkın, dünya çapında inşaat firması yarattı.","403",NA
"Döviz kuru, faiz, enflasyon ve dış açık rakamları alarm veriyor.","414",NA
"Ekonomik kriz nedeniyle bir panik seçimle karşı karşıyayız, ama alternatifsiz değiliz.","414",NA
"TÜRKİYE, HDP İLE NEFES ALACAK","H",NA
"HDP’nin ‘Barışçı ve Katılımcı Güven Ekonomisi’nin hedefi; dayanışmacı, kararların halkın iradesiyle alındığı, toplumsal ihtiyaçları karşılamaya yönelik bir ekonomik bakışla, üretenlerin ekonomik ilişkiler üzerinde denetimini artırmaktır.","404",NA
"Perspektifimiz; doğa ile uyumlu ekonomi","416.2",NA
"ve insan onuruna yaraşır istihdam yaratmak, dar gelirlilere gelir artışı sağlamaktır.","701",NA
"Bu program için gerekli parasal kaynağı; kamusal israfları önleyerek","414",NA
"ve adaletli bir vergi politikasıyla sağlayacağız.","404",NA
"Böylece yoksulluk sınırının altında yaşayan yaklaşık 60 milyon yurttaşımıza aktaracağımız gelir ile hem adaletli bir yaşam hem de adaletli bir ekonomi var edeceğiz.","504",NA
"HDP’nin ekonomi politikalarının kırmızı çizgisi, emekçinin haklarıdır.","701",NA
"Mor çizgi kadınların hakları,","503",NA
"yeşil çizgi ise tüm canlıların ekolojik haklarıdır.","501",NA
"HDP olarak, emek","701",NA
"ve doğa dostu,","501",NA
"verimli, adaletli bir ekonomi programı;","404",NA
"emek ve doğa dostu bir büyü me modeli ile esnafın,","416.2",NA
"çiftçinin,","703.1",NA
"memurun, işçinin,","701",NA
"emeklinin ekmeğini ve sofrasını büyüteceğiz.","504",NA
"Asgari Ücretliler...","H",NA
"Asgari ücreti net 3.000 liraya yükselteceğiz.","412",NA
"Milletvekilleri ve Cumhurbaşkanı dâhil, kamuda çalışan hiç kimseye, bu asgari ücretin 3 katından fazla maaş ödenmeyecek.","303",NA
"Bütçeden sosyal haklara ayrılan kaynağı ikiye katlayarak, yoksulluk sınırının altında gelire sahip tüm hanelerde uygulayacağımız SOSYAL HAKLAR PROGRAMI ile yoksulluğa son vereceğiz.","504",NA
"Yoksullar...","H",NA
"HDP iktidarında yoksulluğu yok edene kadar SOSYAL HAKLAR PROGRAMI uygulayacağız.","504",NA
"Bu kapsamda; hane geliri aylık 6.000 liranın altında olan hanelerin gelirini uygulayacağımız sosyal politikalarla kademeli olarak yoksulluk sınırının üzerine çıkaracağız.","504",NA
"Yoksulluk sınırının altında gelire sahip kamu çalışanlarına 1.000 TL zam yapacağız.","701",NA
"Yüzde 40 ve üzeri engel oranı olan tüm engellilere aylık 1.000 lira, Emekli maaşı olmayan 1 milyon yaşlıya aylık 1.000 lira, Tüm işsizlere aylık en az 1.000 lira, Sığınma evlerinde yaşamını sürdürmek zorunda kalan tüm kadınlara uygun iş ve yaşam imkânı sağlanana kadar 1.000 lira ödeme yapacağız.","504",NA
"Emekli geliri en az 3.000 lira olacak.","504",NA
"Küçük ve Orta Büyüklükteki İşletmeler...","H",NA
"AKP’nin sadece yandaş 19 firmaya verdiği 135 milyar liralık teşvik programı gibi teşvikler iptal edilecek.","402",NA
"KOBİ’lere yönelik istihdam ve yatırım odaklı şeffaf bir teşvik sistemi kuracağız.","402",NA
"İlave istihdam yaratmaları koşuluyla istihdam teşviki vereceğiz.","402",NA
"Böylece işsizliği önemli oranda azaltacağız.","701",NA
"Firmalar arasında rekabeti ortadan kaldıran tekelleşmeyi önleyerek büyük sermayeyi değil, KOBİ’leri destekleyeceğiz.","402",NA
"Anti-tekel yasası çıkaracağız.","403",NA
"KOBİ’lerde en az yarısı kadın olacak şekilde 5 milyon kişiye insan onuruna yaraşır yeni iş imkânı sağlayacağız.","503",NA
"Kadın emeği yoğun KOBİ’leri özel bir program kapsamında destekleyeceğiz.","402",NA
"Esnaf ve Küçük Sanatkârlar...","H",NA
"Hakça Dağıtım Programımızla dar gelirli vatandaşlarımızın gelirini artıracağız, böylelikle alışveriş artacak, esnaf nefes alacak.","402",NA
"AKP döneminde mantar gibi çoğalan, ithalata bağımlılığı büyüten, kurulduğu yerlerde trafik sıkışıklığını artıran AVM’lere yeni ruhsat vermeyeceğiz.","403",NA
"Zincir marketleri, esnafın varlığını tehlikeye attığı bölgelerde yasaklayacağız.","402",NA
"Esnafın vergi yükünü azaltacağız.","402",NA
"Esnaf dayanışma sandıkları kuracağız.","402",NA
"Yerel yönetimlerle işbirliği içinde ve kooperatifleşmeyle şoför esnafına mazot desteği,","402",NA
"balıkçı esnafına balıkçılık desteği sağlayacağız.","703.1",NA
"İşçi, çiftçi, esnaf, memur, emekli olan yoksulluk sınırının altındaki tüm yurttaşlarımızın, toplam 50 bin liraya kadar olan her türlü banka borçlarının faizlerini sileceğiz.","409",NA
"Anapara borçlarını sıfır faizli ve uzun vadeli olarak yeniden yapılandıracağız.","404",NA
"İcra takiplerini durduracağız.","404",NA
"Çiftçiler Nefes Alacak","H",NA
"Çiftçiye mazot, gübre, ilaç ve tohum desteği artırılacak.","703.1",NA
"Çiftçiye ürün alım garantisi verilecek.","703.1",NA
"AKP’nin uygulamadığı, ""Milli gelirin en az yüzde 1’i oranında (36 Milyar Lira) çiftçiye destek” kanunu derhal uygulanacak.","703.1",NA
"Tarımsal arazilerin konutlaşmasının ve sanayileşmesinin önlenmesi amacıyla Tarımsal Sit Alanları tesis edilecek.","703.1",NA
"Tarım ve hayvancılık alanında temel sorunlara ilişkin AR-GE alanları hızlı bir şekilde oluşturulacak.","703.1",NA
"Sulama, tohumculuk, hayvan besiciliği teknolojilerinde dışa bağımlılık azaltılacak.","703.1",NA
"Bu amaçlara uygun kooperatifleşme imkanları artırılacak.","703.1",NA
"Yayla yasakları derhal kaldırılacak köylere geri dönüşün koşulları oluşturulacak, bu kapsamda çiftçilere canlı hayvan ve arazi desteği sağlanacak.","703.1",NA
"ÇÖZÜM: HAKÇA DAĞITIM PROGRAMI (HDP)","H",NA
"HDP iktidarında adaletli ve etkin bir vergi sistemi kurarak, HAKÇA DAĞITIM PROGRAMI (HDP) için kaynak yaratacağız.","404",NA
"Gelir ve servete göre artan oranlı bir sistemle, çok kazanandan çok, az kazanandan az vergi alacağız.","404",NA
"Bu vergileri yoksulluğun azaltılması,","504",NA
"istihdam yaratılması,","701",NA
"nitelikli kamusal eğitim,","506",NA
"ücretsiz sağlık ve ulaşım hizmetinin sağlanmasında kullanacağız.","504",NA
"ÖTV ve KDV gibi vergilerin, gelirler içerisindeki payını düşüreceğiz.","404",NA
"Asgari ücretten vergi almayacağız.","404",NA
"Gelir vergisi reformunu yapacağız.","404",NA
"Yoksulluk sınırının altında gelire sahip vatandaşlarımızın vergi yükünü düşüreceğiz.","404",NA
"Vergide en düşük dilimi yüzde 5’ten başlatacağız.","404",NA
"Ücretliler için en az geçim indirimi uygulamasına geçilmesini sağlayacağız.","701",NA
"AKP döneminde sermaye geliri elde edenler adaletli bir biçimde vergilendirilmediği için toplam servetin yüzde 60’ı nüfusun yüzde 1’inin elinde kümelenmiştir.","404",NA
"Servete duyarlı vergilendirme ile bu haksızlığı gidereceğiz.","404",NA
"Türkiye’de kazanıp, paralarını yurtdışındaki vergi cennetlerine kaçıranlardan hesap soracağız.","605.1",NA
"Bu kişilerin yurtdışındaki vergi cennetlerindeki varlıklarını tespit edip vergilendireceğiz.","404",NA
"Bu durumu tespit edilen siyasetçiler ve birinci dereceden akrabaları için hukuki denetimle ağır hapis cezaları getireceğiz.","605.1",NA
"Kurumlar vergisini küçük kurumlar için yüzde 15’ten başlatarak ölçeğe göre artan oranlı hale getireceğiz.","404",NA
"Üretim ve istihdamı teşvik için yatırım indirimi istisnasını yüzde 100’e kadar çıkartıp, amortisman süresini kısaltacağız.","402",NA
"Sosyal Büyüme Modeli","H",NA
"Kamusal hizmetleri bir hak olarak önceleyen projeler için yeni bir ekonomik ve sosyal kalkınma modeli uygulayacağız.","404",NA
"Kamu-özel ortaklığı modeli ile normal maliyetin en az yüzde 40 üzerinde olan yatırım ve fonlama modeline son vereceğiz.","404",NA
"Türkiye’yi kamu hukuku dışında bir anonim şirket gibi yönetmeye çalışan AKP’nin, bu projeleri ve finansman modellerinin yerine, doğrudan demokrasi mekanizmalarını harekete geçireceğiz.","404",NA
"HDP iktidarında, Türkiye’nin her bölgesinde bölge halkının gerçek ihtiyaçlarını önceleyen yeni örgütlenme modelini hayata geçireceğiz.","404",NA
"İşçi-çiftçi-tüketici kooperatifleri ve müştereklerden yana bir ekonomi modeli uygulayacağız.","405",NA
"HDP iktidarında kurulacak Bölgesel Yatırım Bankalarının kurucu bileşenleri; Hazine, yerel yönetimler/belediyeler, işçi sendikaları, işçi, çiftçi ve tüketici kooperatifleri, halk meclisleri ve demokratik kitle örgütleri olacak.","404",NA
"Kamu finansmanında vergileme esas alınacak.","404",NA
"Ağırlıklı olarak üst gelir gruplarından ve üretken olmayan sermayenin vergilendirilmesinden alınacak vergiler bu projelerin finansmanı için öncelikli olarak kullanılacak.","404",NA
"Merkez Bankası finansmanı kapsamında ise kamu finansmanını tamamlayıcı olarak söz konusu projeler için yatırım bankaları uzun vadeli bono/tahvil gibi borçlanma senetleri çıkartılacak ve Merkez Bankasının öncelikli olarak bu senetleri çok düşük faizle satın alması sağlanacak.","404",NA
"Esnafı ve çiftçiyi desteklemek için kurulduğu ileri sürülen Halk Bankası ve Ziraat Bankası yandaş firmalara ve kişilere kredi sağlamaktadır.","703.1",NA
"HDP iktidarında kamu bankaları halkın hizmetinde olacak.","408",NA
"Kentler ve Evsiz Yurttaşlar","H",NA
"Kentlerin rant için yağmalanmasına karşı insan ve doğa dostu kentler inşa edeceğiz.","501",NA
"“Çılgın projeler” yerine insan, toplum ve doğa yararına makul projeler gerçekleştirerek","501",NA
"herkese insan onuruna yakışır barınma imkânı sağlayacağız.","408",NA
"Yoksulların düşük değerli konutlarından alınan vergiyi yüzde bire düşüreceğiz.","409",NA
"Kentsel rantları artan oranlı bir şekilde vergilendireceğiz.","404",NA
"Bu kapsamda elde edilen vergileri kuracağımız İmar Fonu’nda toplayacağız.","404",NA
"Bu fonu, toplumsal ihtiyaçlar doğrultusunda kentsel alt yapı ve yerinde kentsel yenileme için kullanacağız.","411",NA
"Herkese Nitelikli Ücretsiz Kamu Hizmeti","H",NA
"Eğitimi kamuoyu denetiminde, nitelikli kamu okullarında gerçekleştireceğiz.","506",NA
"Sağlık sektöründe, kamu sağlığını tehdit eden piyasalaştırma ve özelleştirme uygulamalarını sonlandıracağız.","504",NA
"Tüm kamu çalışanlarını kadroya alacağız.","701",NA
"Kamuda taşeron/geçici istihdam uygulamasını sonlandıracağız.","701",NA
"Toplu ulaşım; öğrenci, engelli, emekli, gençler ve yoksulluk sınırının altındaki yurttaşlarımız için ücretsiz olacaktır.","504",NA
"Su ve elektrik kullanımı asgari ihtiyaç miktarına kadar ücretsiz olacaktır.","504",NA
"Böylece, bu miktarların aşılmaması sonucuyla enerji tasarrufu sağlanacak ve kaynak israfı önlenecektir.","501",NA
"Bu miktarları aşan tüketimi olanlar ise artan oranlı fiyatlandırmaya tabi olacaktır.","404",NA
"Demokratik Bütçe","H",NA
"Bütçe hakkı temel haklardandır.","202.1",NA
"Meclis’in bütçe yapım ve denetleme hakkını sağlayacağız.","202.1",NA
"Yerel yönetim bütçeleri yerel meclislerde oluşturulacak.","301",NA
"AKP Hükümeti son yıllarda güvenlikçi politikalara artan oranda kaynak aktarıyor.","605.2",NA
"Bu politikalar ülke içinde toplumsal barışı, dışarıda ise bölgesel barışı tehdit ediyor.","605.2",NA
"HDP iktidarında, Türkiye’de ve bölgemizde uygulayacağımız barışçı politikalar ile bu harcamalardan büyük ölçüde tasarruf edeceğiz.","605.2",NA
"Kamu ihalelerinde açıkça yandaşlara verilen davet usulü gibi şeffaf olmayan ihale usulleri kaldırılacak.","304",NA
"Demokratik Ekonomi","H",NA
"Dayanışma ekonomilerini hayata geçireceğiz.","404",NA
"Kar amaçlı değil toplumsal yarar odaklı yapıları destekleyeceğiz.","404",NA
"Topluluk ekonomisi ile kooperatifçiliği destekleyeceğiz.","404",NA
"Halk çiftliklerini inşa edeceğiz.","404",NA
"Tarım merkezli, doğa ile barışık, enerji tasarrufunu gözeten çiftlikler ile","703.1",NA
"açlığa, yoksulluğa ve","504",NA
"işsizliğe karşı kalıcı çözümler üreteceğiz.","701",NA
"Üretim sürecinde karar mekanizmalarının içinde üretenler olacak, birlikte üreteceğiz, birlikte yöneteceğiz.","405",NA
"KAYNAKLAR AKP’NİN İSRAFINDAN SAĞLANACAK","H",NA
"Türkiye’de kamusal israf devasa boyuttadır.","414",NA
"HDP iktidarında yoksulların üzerindeki vergi yükünü artırmadan, israfları önleyerek ortaya çıkarılan kaynağı sosyal haklara ve düşük gelirlilere transfer edeceğiz.","504",NA
"2018 yılında 2 milyar lirayı aşması beklenen Cumhurbaşkanlığı bütçesini yüzde 90 oranında düşüreceğiz.","414",NA
"HDP iktidarında, faizleri emir ile değil güven ile düşürerek faiz giderlerimizi azaltacağız.","414",NA
"Bütün kamu kurumlarında şatafata son vereceğiz.","414",NA
"Kamu özel ortaklığı kapsamındaki şehir hastaneleri, köprü-otoban projelerinde devlet garantisi kapsamındaki ödemeleri durduracağız.","414",NA
"Kamu yararına aykırı bu proje anlayışına son vereceğiz.","414",NA
"Vergi kaçakçılığı, yolsuzluk, ihalelere fesat suçlarına ilişkin yap tırımları arttıracağız.","605.1",NA
"Büyük sermayeye yönelik vergi muafiyetine, istisna, indirim ve vergi aflarına son vereceğiz.","403",NA
"Bütçeden ödenek üstü harcamayı veya örtülü ödeneği sonlandıracağız.","202.1",NA
"HDP iktidarında yapılacak tek özelleştirme, makam araçları, makam helikopterleri ve makam uçakları olacaktır.","414",NA
"Cumhurbaşkanlığı’nın uçakları özelleştirme kapsamında satılacak.","414",NA
"Cumhurbaşkanı dâhil tüm kamu görevlileri tarifeli uçak ve toplu taşıma kullanacak.","414",NA
"Başta şeker fabrikaları olmak üzere özelleştirmeleri iptal edeceğiz.","413",NA
"Siyaset tercihte bulunmaktır.","408",NA
"Ekonomi politikalarında tercihimizi yoksullardan,","504",NA
"emekten,","701",NA
"barıştan,","106",NA
"kadından, gençten, çocuktan,","706",NA
"doğadan yana kullanacağız.","501",NA
"en güzel ülke emekçinin hakkını aldığı ülkedir.","H",NA
"EMEK SÖMÜRÜSÜ BİTECEK","H",NA
"Emeğin yağmasına dayanan bir sermaye birikim rejimi, AKP iktidarlarının kesintisiz sürdürdüğü öncelikli bir politika olmuş, sürece damgasını vurmuştur.","701",NA
"Üretim sürecinde esneklik, güvencesizlik, taşeronluk temel istihdam politikaları olarak öne çıkmıştır.","701",NA
"Günde ortalama 6 işçinin iş cinayetlerinde yaşamını yitirdiği uygulamalar ‘sıradan birer vaka’ haline gelmiştir.","701",NA
"AKP döneminde işsizlik çığ gibi büyümüştür.","701",NA
"OHAL rejimi, barış diyen akademisyenlerin işinden atıldığı, mahkeme kapılarında süründürüldüğü,","201.1",NA
"grevlerin yasaklandığı, özgür toplu sözleşmelerin engellendiği,","701",NA
"KHK’lerle kamu emekçilerinin ihraç edildiği ve açlıkla terbiye edilmek istendiği ‘emek düşmanı’ bir dönemin adı olmuştur.","202.1",NA
"İşçi sağlığı ve iş güvenliği vazgeçilmez bir haktır.","701",NA
"Bu konuda gerekli önlemleri alacak, yapısal düzenlemeleri yapacak ve uluslararası standartları istisnasız uygulayacağız.","701",NA
"Emek ağırlıklı olacak şekilde ilgili kurumların yönetiminde faaliyet gösterecek olan ‘İşçi Sağlığı ve İş Güvenliği Ulusal Konseyi’nin kuruluşunu sağlayacağız.","701",NA
"İş cinayetlerinde ana firma ve üst işveren sorumluluğunu esas alacak düzenlemeleri yapacağız.","701",NA
"İnsan onuruna yaraşır bir ücret politikası uygulayacağız.","701",NA
"Asgari ücreti vergiden muaf tutacağız.","701",NA
"Asgari ücretin, grev hakkını da kapsayacak şekilde eşit temsile dayalı toplu pazarlıkla belirlenmesi için gerekli düzenlemeleri yapacağız.","701",NA
"Bütün çalışma alanlarında (işsizlerin, emeklilerin, öğrencilerin, çiftçilerin) örgütlenme özgürlüğünün yolunu açacağız.","701",NA
"Grev ve toplu sözleşme hakkını bütün çalışanlar için temel bir hak arama, koruma ve geliştirme aracı olarak güvenceye alacak, hükümetin grev erteleme yetkisini kaldıracağız.","701",NA
"Resmi haftalık çalışma saatlerini ücret kaybına yol açmaksızın 35 saate indireceğiz.","701",NA
"Kayıtdışı çalışmayı ortadan kaldıracağız.","701",NA
"Sosyal güvenlik sistemi için gerekli kaynağı kayıtlı istihdam üzerinden sağlayacağız.","504",NA
"Kriz bahanesiyle toplu işten çıkarmaları yasaklayacağız.","701",NA
"Emeklilerin sendikal örgütlenme özgürlüğü önündeki bütün engelleri kaldıracağız.","701",NA
"Emeklilik yaşını düşürecek, mezarda emekliliğe son vereceğiz.","701",NA
"Kısmi zamanlı çalışanlar için emeklilik koşullarını kolaylaştıracağız.","701",NA
"İflas eden ya da iflas gösteren işyerlerindeki işçi alacaklarının ödenmesini, devlet ve banka alacaklarına göre öncelikli hale getirecek yasal düzenleme yapacağız.","701",NA
"Güvenli iş ve güvenli gelecek her emekçinin hakkıdır.","701",NA
"Kiralık işçi uygulamasına son verecek, özel istihdam bürolarını kapatacak, istihdama aracılık hizmetlerini kamu eliyle yürüteceğiz.","701",NA
"Kamu ya da özel bütün çalışma alanlarında taşeronluğa son verecek, taşeronluk sistemini kaldıracağız.","701",NA
"Taşeron işçilerin geriye dönük tüm haklarının iadesi için gerekli düzenlemeleri yapacağız.","701",NA
"Eşit işe eşit ücret uygulayacak,","701",NA
"ayrımsız herkese iş güvencesi sağlayacağız.","701",NA
"Kıdem tazminatının gasp edilmesine izin vermeyeceğiz.","701",NA
"Kıdem tazminatını alamayan işçilerin alacaklarını Hazine güvencesine alacağız.","701",NA
"Ev işçiliğini İş Kanunu kapsamına alacağız.","701",NA
"Ev işçilerinin örgütlenme,","701",NA
"sosyal güvenlik,","504",NA
"işçi sağlığı gibi haklarını yasayla düzenleyeceğiz.","504",NA
"Kadınların yarı zamanlı çalışmasına yönelik düzenlemeler, kurumsal bakım hizmetleri ile desteklenecek.","504",NA
"Yarı zamanlı çalışan kadınların işsizlik ödeneği ve emeklilik haklarından yararlanma koşulları genişletilecek.","504",NA
"Mevsimlik tarım işçiliğini yasal statüye kavuşturacak, örgütlenme özgürlüğünün önünü açacağız.","701",NA
"Mevsimlik işçilerin; ulaşım, barınma, beslenme, temiz su, tuvalet, ücret, çalışma saatleri, iş güvenliği,","701",NA
"sağlık, sosyal güvence,","504",NA
"çocukların eğitimi gibi haklarının işverenlerle işçiler arasındaki sözleşmelerle belirlenmesine imkân sağlayacağız.","506",NA
"Madenlerde özelleştirme, taşeronlaştırma ve rödovans gibi uygulamalara son verecek, madenleri kamu eliyle işleteceğiz.","413",NA
"Madenlerde işçi sağlığı ve iş güvenliğine ilişkin uluslararası sözleşmeleri imzalayacak ve bu sözleşmeleri eksiksiz uygulayacağız.","701",NA
"Başta KHK’lerle ihraç edilenler olmak üzere, haksız ve hukuksuz bir şekilde mağdur edilen kamu emekçilerini görevlerine iade edecek, kayıplarını tazmin edeceğiz.","202.1",NA
"KHK’leri bütün sonuçlarıyla ortadan kaldıracak, sadakat değil, liyakatı esas alan bir istihdam politikası uygulayacağız.","701",NA
"İnşaat ve altyapı sektöründe yapı işçiliği standartlara uygun hale getirilecek.","701",NA
"Taşeron sisteminin varlığına son verinceye kadar, işçilere insana yaraşır barınma koşulları sağlanacak.","701",NA
"en güzel ülke sosyal eşitliğin olduğu ülkedir.","H",NA
"SOSYAL EŞİTLİK GELECEK","H",NA
"Devlet sosyal eşitliği sağlamakla yükümlüdür.","503",NA
"Türkiye’de sosyal eşitliğin önündeki en önemli engeller gelir dağılımındaki adaletsizlik ve kayırmacılıktır.","503",NA
"En zengin yüzde 20’lik kesimin toplam gelirden aldığı pay, en yoksul yüzde 20’lik kesimin aldığı paydan 7,7 kat daha fazla hale gelmiştir.","503",NA
"Sosyal politikalarımız, kaynakların adil dağılımını destekleyecek, hem ekonomik hem de yaşamsal bir dönüşümü hedefleyecektir.","503",NA
"İşsiz, engelli, yaşlı, hasta, çocuk, eşi vefat etmiş veya boşanmış, yetim, yoksul, aç hiçbir yurttaşı sahipsiz bırakmayacağız.","504",NA
"Kişinin aileye ya da devlete bağımlı olmaktan kurtulmasını mümkün kılacak özgür ve sosyal yurttaşlık anlayışını esas alacağız.","504",NA
"Yurttaşların temel ihtiyaçları olan su, elektrik, ulaşım ve barınma ihtiyaçları kar alanı olmaktan çıkarılacaktır.","504",NA
"Barınma hakkı doğrultusunda, tüm yurttaşların barınma sorununu çözeceğiz.","504",NA
"Halkın hem daha ucuza yaşayabilmesi, hem de iş sahibi olabilmesi için üretim ve tüketim kooperatifleri kuracağız ve/veya bu kooperatifleri destekleyeceğiz.","404",NA
"Su, elektrik ve doğalgazda belirli bir miktara kadar tüketim yapanlara ve Sosyal Yardımlaşma ve Dayanışmayı Teşvik Kanunu kapsamına girenlere ücretsiz hizmet sağlayacağız.","504",NA
"Su tüketiminde 10 metreküp ücretsiz kullanım sağlayacağız.","504",NA
"Dört kişilik bir aile için 200 kwh/ay elektrik hizmetini bedelsiz vereceğiz.","504",NA
"Su, doğalgaz ve elektrik faturalarından yapılan tüm vergi kesintilerini kaldıracağız.","404",NA
"Toplu ulaşım öğrenci, engelli, emekli, genç ve yoksulluk sınırının altındaki yurttaşlarımız için ücretsiz olacak.","504",NA
"Sosyal Güvenlik Kurumu ile Sosyal Yardımlaşma ve Dayanışma Kurumları hükümet, çalışanlar, işverenler ve STK’lar ile birlikte açık, demokratik ve hesap verebilir bir yönetim şekline kavuşturulacak.","504",NA
"Bireysel zorunlu özel sigortaya yönelik katkı payı uygulamasını sonlandırarak kesintileri maaşlara yansıtacağız.","701",NA
"SOSYAL YARDIMLARI SOSYAL ÇALIŞMA İLE DESTEKLEYECEĞİZ","H",NA
"Nitelikli bir istihdam politikası geliştirememiş olan AKP, sosyal yardımları çalışmanın ikamesi olarak devreye sokuyor.","504",NA
"Yurttaşlar sosyal yardımlarla ev geçindirmeye çalışıyor.","504",NA
"Eğitim ve","506",NA
"sağlığa yeterince yatırım yapılmadığından yoksulluğun nesiller arası mirası önlenemiyor.","504",NA
"Yurttaş devlete göbeğinden bağlı hale getiriliyor.","504",NA
"Biz’ler şeffaf ve yoksulluğu azaltıcı Sosyal Haklar Programı’nı uygulamaya geçireceğiz.","504",NA
"Sosyal yardımları iktidarın bir lütfu olmaktan çıkararak, yurttaş hakkı temelli bir sosyal politika izleyeceğiz.","504",NA
"Yoksulların rencide edilmeksizin bu hizmetten faydalanmasını sağlayacağız.","503",NA
"Devletin halen uygulamakta olduğu sosyal yardımlara devam edecek ve hak sahiplerinin uygulamadan kaynaklanan mağduriyetlerini gidereceğiz.","504",NA
"Sosyal haklar programından faydalananlar için öncelikli istihdam programları geliştireceğiz.","701",NA
"Sosyal yardımları nakdi desteklerle sınırlı olmaktan çıkararak, kurumsal hizmetlerle destekleyeceğiz.","504",NA
"Kadınlara yönelik sosyal destek paketlerini sosyal adalet ve eşitlik ilkesine göre, cinsiyet eşitliğini gözetir bir şekilde sunacağız.","503",NA
"Eşi vefat etmiş kadınlara sunulan destekten boşanmış kadınların da faydalanmasını sağlayacağız.","504",NA
"Yaşlıların ailelerinden ayrılmalarına gerek kalmaksızın belirli saatlerde bakım desteği almasına ilişkin kamusal hizmetleri geliştireceğiz.","504",NA
"Bakıma ihtiyaç duyan kişilerin evlerine temizlik hizmeti götüreceğiz.","504",NA
"Bakıma ihtiyaç duyan kişilerin sağlık ihtiyaçlarının düzenli olarak yaşadıkları mekânda karşılanmasını sağlayacağız.","504",NA
"Engelli yurttaşlar için Engelleri Kaldırma Bakanlığı kuracağız","503",NA
"Engellilere yönelik sunulan kamu hizmetlerini, engel gruplarının farklılıklarını göz önünde bulundurarak sağlayacağız.","503",NA
"Engelli ve yaşlı yurttaşlara bakım aylığı bağlanması için gelir şartı aramayacağız ve evde bakım desteklerini artıracağız.","504",NA
"Bakıcıların, tüm primleri devlet tarafından karşılanacak şekilde sigortalı olmalarını sağlayacağız.","504",NA
"Bakıma ihtiyaç duyan, ama kendi başına bağımsız yaşamak isteyen engelli bireyler için her ilçede bakım evleri kuracağız.","504",NA
"Tüm toplu taşıma araçlarını engellilerin kullanımına uygun hale getirecek ve engelliler için ücretsiz yapacağız.","503",NA
"Engelli aracı (elektrikli tekerlekli sandalye) kullanmak zorunda olan yurttaşların kent içi ulaşımlarını rahat ve özgürce yapabilmeleri için engelli araç şarj istasyonları kuracağız.","503",NA
"Tüm işyerleri ve sosyal alanların engellilerin kullanımına uygun hale getirilmesi için çalışmalar yapacağız.","503",NA
"Engelli dostu mekânların (restoran, kafe, sinema salonu vb.) çoğaltılması hedefiyle vergi muafiyetleri uygulayacağız.","503",NA
"Bütün engelli yurttaşların sosyal güvenceye kavuşturulmalarını sağlayacağız.","504",NA
"Engelli emeğini değersizleştiren söylemle mücadele edeceğiz.","503",NA
"Engelli istihdamı için teşvikler geliştireceğiz.","503",NA
"Özel ve kamu alanında engellilerin istihdam kotalarını dolduracağız.","503",NA
"HDP iktidarının ilk yılında 50 bin engelliyi kamuda istihdam edeceğiz.","503",NA
"Kamuya ait kreş ve anaokullarının tümünde engelli çocuklar için de olanak sağlayacağız.","503",NA
"en güzel ülke herkesin sağlıklı yaşayabildiği ülkedir.","H",NA
"PARASIZ, EŞİT, ULAŞILABİLİR SAĞLIK SİSTEMİ","H",NA
"AKP iktidarında sağlık kamusal bir hizmet alanı olmaktan çıkmış, birey ve halk sağlığı göz ardı edilmiş, sağlık üzerinden yandaşlara rant sağlanmıştır.","504",NA
"Koruyucu ve önleyici sağlık hizmetleri tamamen terk edilmiş, sağlık alanı kamu-özel ortaklığı adı altında ulusal ve uluslararası sermayenin çıkarına terk edilmiştir.","504",NA
"Sağlıkta Dönüşüm Programı adı altında 16 yılda yapılanların son aşaması ise sağlıkta şirket düzenini getiren 'Şehir Hastaneleri Projesi'dir.","504",NA
"Şehir hastaneleri, insan hakları ihlallerine neden olmaktadır.","504",NA
"İyi hekimlik uygulamaları ve nitelikli sağlık hizmeti vermenin önünde önemli bir engel oluşturan ve genellikle şehir merkezlerinden uzakta kurulan şehir hastaneleri, sağlık hakkına erişimi engellemektedir.","504",NA
"Sağlık hizmetleri, üretimden sağlık emekçilerinin dağılımlarına kadar parasız, eşit, ulaşılabilir, anadilinde, cinsiyet eşitlikçi ve ekolojik, her bireyin katılımını esas alan, erişilebilir sağlık kurum ve kuruluşlarını inşa eden bir anlayışla sürdürülecek.","504",NA
"Sağlık hizmetlerinin planlanması, uygulanması, değerlendirilmesi ve denetlenmesi süreçlerinin tümü için halkın ve sağlık emekçilerinin katılacağı demokratik bir sağlık sistemi oluşturulacak.","504",NA
"Sağlık hizmetlerinde koruyucu ve sağlığı geliştirici hizmetler esas alınacak.","504",NA
"Bu amaçla öncelikle “halk sağlığı birimleri” kurulacak.","504",NA
"Halk sağlığı birimlerinde sağlığın toplumsallaşması çalışmalarına yer verilecek.","504",NA
"Kamu hastanelerinde toplumsal yarar esaslı çalışma ilke edinilecek.","504",NA
"Performansa dayalı ücretlendirme gibi kâr odaklı uygulamalara son verilecek.","504",NA
"İlave ücret, prim, katkı-katılım ve her türlü cepten ödemeler kaldırılacak.","504",NA
"Sağlıktaki özelleştirmenin yeni biçimi olan şehir hastaneleri modeli kaldırılacak ve şehir hastaneleri bir an önce kamuya devredilerek bu talana son verilecek.","504",NA
"Kent içindeki hastaneler korunacak.","504",NA
"Kamunun kaynaklarını kullanarak toplumun sağlık ihtiyacının karşılanmasını temel alan, sağlık hizmetine kolay erişilebilen ve tedavi hizmetlerinin etkin ve bütünlüklü olarak sunulabildiği bir hastane sistemi hayata geçirilecek.","504",NA
"Sağlık emekçilerine yönelik şiddeti önleme mekanizmaları geliştirilecek.","701",NA
"en güzel ülke herkesin nitelikli eğitim alabildiği ülkedir.","H",NA
"PARASIZ VE EŞİT EĞİTİM SİSTEMİ MÜMKÜN","H",NA
"AKP iktidarı; kamusal, parasız, bilimsel, laik ve demokratik eğitim anlayışını hedef aldı.","506",NA
"Siyasal saikler ile inanç istismarına dayalı eğitim politikalarını hayata geçirdi.","506",NA
"Özel okulların ve imam hatip okullarının sayısını hızla arttırdı.","506",NA
"Bu okulları ayrıcalıklı bir konuma getiren AKP, diğer devlet okullarını tasfiye sürecini başlattı ve okullar arasındaki eşitsizlikleri derinleştirdi.","506",NA
"Çocukları ve gençleri sınıflarına, cinsiyetlerine, dillerine, inançlarına, etnik kökenlerine göre sürekli olarak ayrıştıran eğitim politikalarını hayata geçirdi.","607.1",NA
"Anadilinde eğitim hakkını yok saydı.","607.1",NA
"Tüm bu yaptıklarıyla eğitimin niteliğini düşürdü.","506",NA
"AKP, eğitim emekçileri üzerinde büyük bir baskı kurarak mali ve özlük hakları ile sendikal haklarını yok saydı.","701",NA
"İş güvencelerini ortadan kaldıran politikalara hız verdi.","701",NA
"Üniversitelerin akademik, mali ve yönetsel özerkliklerini ortadan kaldırarak bir vesayet kurumu olan YÖK’ün yetkilerini kat be kat artırdı.","201.1",NA
"OHAL bahanesi ile demokrat, muhalif binlerce eğitim emekçisini ve akademisyeni ihraç etti.","202.1",NA
"Üniversiteleri istediği gibi bölüp parçalayan ve barış talep eden hocaları, öğrencileri suçlu ilan eden AKP, üniversitelerden yükselen her demokratik talebi baskı ile susturmaya çalıştı.","202.1",NA
"Ancak tüm bu yaşananlar kader değildir, farklı bir eğitim mümkündür.","506",NA
"Eğitim bir haktır, okul kamusal bir söylem alanı ve ortak yaşam mekânıdır.","506",NA
"Bu nedenle eğitimin finansmanını vergilerle sağlayacağız.","506",NA
"Her ne ad altında olursa olsun velilerden asla para talep etmeyeceğiz.","506",NA
"Okullar arasındaki farklılıkları ortadan kaldıracağız.","506",NA
"Tüm okullarda fiziksel olanaklar, öğretmen niteliği ve eğitim programları bakımından aynı düzeyde eğitim verilmesinin olanaklarını yaratacağız.","506",NA
"İdeolojik saiklerle okulları ayrıştıran 4+4+4 uygulamasına son vereceğiz.","506",NA
"Eğitim sistemini en baştan başlayarak evrensel çocuk hakları temelinde yeniden yapılandıracağız.","506",NA
"Tekçi, cinsiyetçi, mezhepçi, ırkçı eğitim müfredatını lağvederek bilimsel, laik, demokratik, özgürlükçü, çoğulcu, anadilinde eğitimi esas alan yeni bir eğitim müfredatını hayata geçireceğiz.","607.1",NA
"Din derslerini zorunlu olmaktan çıkaracağız.","201.1",NA
"Toplumsal cinsiyet eşitliğini dersi müfredata ekleyeceğiz.","503",NA
"Farklılıkları ya da engelleri yüzünden eğitim ortamlarından dışlanan, yeterli eğitim imkanı tanınmayan ya da başarısızlığa mahkum edilen çocuklara pozitif ayrımcılık tanıyacağız.","503",NA
"Tüm engelli öğrenciler için güvenli, eşitlikçi ve erişimi kolay bir yapı oluşturacağız.","503",NA
"Eğitim sistemini toplum ve doğayla bütünleşik, ekolojik perspektifi temel alarak yeniden yapılandıracağız.","416.2",NA
"Eğitim ve istihdam arasındaki bağı sağlıklı hale getireceğiz.","411",NA
"Kız çocuklarını güçlendiren ve eğitim hakkından eksiksiz bir şekilde yararlanmasını sağlayan destekleme politikalarını uygulayacağız.","503",NA
"Eğitim kurumlarında kadınların ve LGBTİ+’ların her tür baskı, şiddet, dışlanma, görmezden gelmeye maruz kalmalarını engelleyeceğiz.","607.1",NA
"Okullardaki asimilasyon politikalarına son vereceğiz.","607.1",NA
"Her çocuğun ve gencin anadilinde eğitim hakkını anayasal güvence altına alacağız.","607.1",NA
"Her yıl adı, içeriği, biçimi değiştirilen OKS, SBS, TEOG, LYS ve YGS gibi tüm merkezi sınavları kaldıracağız.","506",NA
"Sınav odaklı sistem yerine öğretmen ve öğrencilerin ortaklaşa gelişimini sağlayacak bir sistem kuracağız.","506",NA
"Öğrenciler ve yetişkinler için tek öğrenme yeri okullar olmayacak.","506",NA
"Kentin semtlerine yayılmış halk kütüphaneleri, kitaplıklar ve kültür merkezleri ile geniş zaman dilimine yayılmış öğrenme ortamları sağlayacağız.","502",NA
"Öğrenim hakkının bir parçası olarak görülmesi gereken yurtlarda öğrencilerin tek ya da iki kişilik odalarda barınması, yeme-içme olanaklarının sağlanması, sıcak-soğuk su ve internet erişimi sağlanması politikalarını hayata geçireceğiz.","506",NA
"200 bin öğretmen ataması yapacağız.","701",NA
"Sözleşmeli ve ücretli öğretmenlik uygulamasını kaldırarak tüm öğretmenlerin kadrolu ve güvenceli istihdamını esas alacağız.","701",NA
"Üniversiteleri demokratik, özerk ve çok kültürlü, toplum ve doğa yararına araştırma yapan kurumlar olarak yeniden inşa edeceğiz.","506",NA
"Üniversitelerimizin bölünmesine ve kent dışına çıkarılmasına izin vermeyeceğiz.","506",NA
"YÖK’ü kaldırarak yerine üniversiteler arası ilişki ve bilgi akışını sağlayacak bir koordinasyon kurulunu kuracağız.","506",NA
"Üniversite rektörleri ve dekanlarının üniversite bileşenlerince seçilmesini sağlayarak, öğrenci meclisleri/konseylerinin her düzeyde üniversite kurullarında söz sahibi olmasını sağlayacağız.","202.1",NA
"Cezaevlerinde politik nedenlerle bulunan binlerce öğrencinin özgürlüklerine kavuşması için yasal düzenlemeler yapacağız.","201.1",NA
"“Bu Suça Ortak Olmayacağız” diyerek düşünce ve ifade özgürlüğü hakkını kullandıkları için OHAL KHK’leriyle haksız ve hukuksuz biçimde üniversitelerden atılan akademisyenlerin, öğretmenlerin ve öğrencilerin geri dönmelerini sağlayacağız.","201.2",NA
"Üniversitelerde Kürtçe, Lazca, Süryanice gibi asimilasyona uğratılan dillerde yeni kürsülerin açılmasını sağlayacağız.","607.1",NA
"en güzel ülke doğa haklarının korunduğu ülkedir.","H",NA
"AKP, iktidarı devraldığı günden bu güne kadar doğa ve kentler üzerinde ülke tarihinde benzeri görülmemiş tahribatlar yarattı.","501",NA
"Canlıların bütün yaşam alanlarını birer rant alanına dönüştürdü.","501",NA
"BİZ’ler insana, doğaya ve bütün canlılığa düşman olan bu düzeni değiştireceğiz.","501",NA
"Anayasa’ya “doğa hakları insanların çıkarlarından üstündür” anlayışını yerleştireceğiz.","501",NA
"Kapitalizmin doğayı, kültürel ve doğal varlıkları ve yaşamı metalaştırarak sömürmesine karşı ekosistemi korumak BİZ’lerin temel ilkesidir.","501",NA
"HDP, yaşamı ve yaşam alanlarını korumak için verilen mücadeleyi emek ve sınıf mücadelesinden ayrı düşünmez.","501",NA
"HDP, sanayiden imara, gıdadan tekstile bütün ekonomi sektörlerinde önceliğin ekolojik ilkeler olduğunu kabul eder.","501",NA
"BİZ’ler kırda ve kentte, doğa ve yaşam haklarını savunma ve koruma mücadelesi verenlerin taleplerini hep birlikte gerçekleştireceğiz.","501",NA
"HDP olarak, sermayenin çıkarı için yapılan baraj, HES, termik, nükleer vb. projelere, ekolojik yıkıma yol açan maden işletmeciliğine, endüstriyel atık ve kirlilik sonucunda yaşam alanlarının tahribine yol açan uygulamalara son vereceğiz.","501",NA
"Yerel halkın kendi yaşam alanlarındaki her türlü proje hakkında karar vermesini ve ÇED vb. süreçlerin demokratikleşmesini sağlayacağız.","501",NA
"Kentleri yağmalayan, halkın barınma hakkını yok eden kentsel dönüşüm projelerini; tarihi, kültürel varlıkları ve ortak yaşam alanlarını gasp edenleri durduracağız.","502",NA
"Su ve katı atık gibi çevresel hizmetlerin özelleştirilmesinin ve piyasalaştırılmasının önüne geçeceğiz.","501",NA
"Kentlerin meydanları, parkları, koruları ve kıyıları korunacak ortak alanlarımızdır.","502",NA
"Bu alanların kamusal, doğal niteliğini ve kültürel dokusunu bozacak, tahrip edecek hiçbir projeye, uygulamaya izin vermeyeceğiz.","502",NA
"Kanal İstanbul gibi projelerin tümü başlatılmış olsa dahi durdurulacak.","501",NA
"Sermaye projelerinin kent kimliğini oluşturan tarihi mekânları, ormanları ve doğal alanları yok etmesine, ekolojik yıkıma yol açmasına izin vermeyeceğiz.","501",NA
"Başlatılmış olan bu özellikteki projeleri durduracağız.","501",NA
"Doğal alanlara verilen zararların giderilmesi için bütün imkânları kullanacağız.","501",NA
"Yerküre üzerindeki yaşam için vazgeçilmez olan suyun varlık olarak korunmasını esas alacağız.","501",NA
"Suyun metalaştırılmasına son vereceğiz.","501",NA
"Her canlının temiz suya erişim hakkını esas alacağız.","501",NA
"Suyun israfı ve yer altı su kaynaklarının tahribini engelleyeceğiz.","501",NA
"Evlere ve tarlalara takılan ön ödemeli sayaçları iptal edeceğiz.","409",NA
"Tarlalara geçimlik tarım için gereken suyu ücretsiz vereceğiz.","703.1",NA
"Tarım alanlarının, ormanların ve meraların sermaye projelerinde kullanılmasına izin vermeyeceğiz.","703.1",NA
"Bu projeler için tahrip edilen orman alanlarını yapılaşmaya açmayacağız.","501",NA
"Tarım alanlarını sit kapsamına alacak ve koruyacağız.","703.1",NA
"Geçimlik/ küçük çiftçiliği, hayvancılığı, arıcılığı destekleyeceğiz.","703.1",NA
"Biz’ler, enerjinin yerel halkın ihtiyacı için, yerinde üretilmesini sağlayacak projeleri destekleyeceğiz.","501",NA
"Halkın ihtiyacı için gereken enerjinin, rüzgâr ve güneş kaynaklı yerinde üretimine öncelik vereceğiz.","501",NA
"Bizler, enerjinin nakli ve dağıtımının özelleştirilmesine son vereceğiz.","413",NA
"Nükleere ve radyoaktiviteye dayalı üretim ve yeniden dönüşüm yapılanmasına, tarım alanlarının, meraların, ormanların, kıyıların nükleer atık sahası olmasına izin vermeyeceğiz.","501",NA
"Mersin Akkuyu ve Sinop nükleer santral projeleri iptal edilecek.","501",NA
"Su kullanım hakkı anlaşmalarını iptal edeceğiz.","501",NA
"Hayvanların Hakları Var","H",NA
"Tüm canlıların yaşam hakkını temel alan bir yaklaşımla, Hayvan Hakları Kanunu çıkaracağız.","501",NA
"Hayvanlara yönelik işkence, kötü muamele, cinsel saldırı, öldürme gibi suçlarda cezaları caydırıcı olacak şekilde arttıracağız.","501",NA
"BİZ’ler, hayvanların, ticari amaçlı deneylerde kullanılmasını önleyeceğiz.","501",NA
"Hayvanların sirk ve sokak tanıtımı vb. her türlü gösteri amaçlı etkinliklerde kullanılmasına son vereceğiz.","501",NA
"Hayvanların itlaf edilmesini, kürkleri ve varlıkları ile sermaye birikiminin parçası haline getirilmesini sağlayan düzenlemeleri ve yasaları iptal edeceğiz.","501",NA
"Toplama kamplarına dönüşmüş hayvan barınaklarını kaldırılacağız.","501",NA
"en güzel ülke komşularıyla barış içinde yaşayan kedir.","H",NA
"KOMŞULARIMIZ VE DÜNYAYLA BARIŞ HALİNDE","H",NA
"Bütün iktidarını içeride ve dışarıda yürüttüğü savaş ve gerginlikler üzerinden koruyan mevcut hükümet, sürekli düşmanlık ve toplumsal kamplaşma üretmekte, ülkede ve küresel ölçekte halklar arası toplumsal barışı ciddi anlamda tehdit etmektedir.","106",NA
"Coğrafyamıza kader olarak dayatılan bu savaş düzenini değiştireceğiz!","106",NA
"Mevcut iktidar tarafından yürütülen bütün dünyayla kavga politikasına son verilmesi ve barış içinde bir dünya idealine uygun bir şekilde savaş ve anlaşmazlıkların bitirilmesi asli görevlerden biridir.","106",NA
"Başta Ortadoğu olmak üzere, tüm dünya halklarının kendi siyasi geleceklerini özgürce belirlemeleri ve halkların kendi kendilerini yönetecekleri demokratik, eşitlikçi ve özgürlükçü bir yönetim anlayışını geliştirmeleri ve uygulamaları için mücadele edeceğiz.","103.1",NA
"Ortadoğu’da mevcut iktidar tarafından yürütülen Kürt düşmanı politikaya derhal son vereceğiz.","106",NA
"Suriye’deki iç savaşın sona erdirilmesi, halkların kardeşliğine ve eşitliğine dayalı demokratik bir çözümün ortaya çıkarılması için çaba harcayacak ve Rojava halkının açığa çıkardığı demokratik yönetim iradesinin tanınması ve Demokratik Suriye yönetiminin yaşam bulması için mücadele edeceğiz.","101",NA
"İsrail hükümetinin etnik temizliği esas alan işgalci politikalarına karşı duracak.","103.1",NA
"Filistin’in işgaline son verilmesine ve Filistin halkının kendi siyasi geleceğini belirlemesine imkân sağlayacak bağımsız devlet kurma hakkının tanınması için gerekli desteği vereceğiz.","107",NA
"Ortadoğu’da emperyalistler tarafından çizilmiş yapay sınırlarla kendini bağlamayacak, halklar arasındaki ekonomik, sosyal ve kültürel bağların güçlendirilmesi ve ilişkileri perdeleyen bürokratik engellerin ortadan kaldırılması için çalışacağız.","107",NA
"Kıbrıslı Türk ve Rum halklarının Ada’nın bölünmüşlüğüne son vermek ve politik çözümü sağlamak için ortaya koydukları çözüm önerilerini ve çabalarını desteklemeye devam edeceğiz.","101",NA
"Ermenistan üzerinde uygulanan ekonomik ambargoyu kaldıracak, gerekli ekonomik, politik ve diplomatik ilişkileri geliştirecek, Türkiye tarafından tek yanlı kapatılan Türkiye-Ermenistan sınırını koşulsuz olarak açacağız.","101",NA
"Ermenistan ile Azerbaycan arasındaki Karabağ sorununda barışçıl çözüm çabalarını destekleyeceğiz.","106",NA
"Avrupa Birliği’nin insan haklarına riayet,","201.2",NA
"yerel demokrasi,","301",NA
"güçler ayrılığı, hukukun üstünlüğü gibi ön plana çıkardığı ilkeleri savunmaya devam edeceğiz.","202.1",NA
"AB'nin özellikle Yunanistan krizinde ve göçmen katliamlarında belirgin hale gelen neo liberal politikalarına karşı duruşunu ve Avrupa'nın ezilenleriyle ortak mücadelesini destekleyecek, AB’yle müzakere ve tam üyelik çalışmalarını ilkelerimiz çerçevesinde ele alacağız.","108",NA
"Emperyalist müdahalelere, başka ülkelerin topraklarının işgal edilmesine, komşu ülkelere askeri veya iç savaşı kışkırtıcı müdahalede bulunmak gibi politikalara karşı çıkmaya devam edeceğiz.","103.1",NA
"Avrupa ve dünya genelinde ırkçılık, anti-semitizm, insan ticareti (kadın, çocuk, emek sömürüsü), göçmenlik sorunları, uluslararası uyuşturucu ticareti, yerinden edilme, yabancı düşmanlığı, İslamofobi ve benzeri insanlık değerlerini ilgilendiren sorunlara yönelik çözümlerin geliştirilmesi amacıyla gerekli işbirliklerini yapacağız.","107",NA
"en güzel ülke sanatın özgürce yapılabildiği ülkedir.","H",NA
"KÜLTÜREL HAKLARIMIZI KORUYUP YAŞATACAĞIZ","H",NA
"AKP, hayatlarımızı, kültürel değerlerimizi ve farklılıklarımızı kendi varlığı için tehlike olarak görüyor.","607.1",NA
"Her birini tek bir potada eritip kendi iktidarının mutlak hegemonyasını kurmaya çalışıyor.","607.1",NA
"Özel savaş medyasıyla, militarist dizi ve reklamlarıyla, tetikçi televizyon programları ve en önemlisi haberleriyle yaşamlarımızı bir cendereye alıyor.","607.1",NA
"Tarihi eserler, sembolik yerler ve anıtlar yıkılıyor, tiyatrolar kapatılıyor, oyunlar sansürleniyor, filmler yasaklanıyor, sergiler basılıyor.","502",NA
"Türkiye’de yayın evleri basılıyor ve kitaplar yasaklanıyor.","201.1",NA
"AKM gibi vakalarda görüleceği üzere kent hafızası ile bütünleşmiş kültür mekanları AKP tarafından yıktırılıyor.","502",NA
"Anadilinde eğitim hakkından ekolojik varoluşa saygıya, tarihsel zenginliklerimizden ifade özgürlüğüne kadar uzanan, en geniş kapsamıyla kültürel demokrasinin sağlanması, demokratik yaşam ve kalıcı barış yolunda en önemli kilometre taşıdır ve bizlerin en asli görevidir.","607.1",NA
"Kültürel haklarımızın kazanılması, yaşatılması ve korunması en temel önceliklerimiz arasındadır.","607.1",NA
"Halklar arasında Yeni Yaşam kültürünü örgütlemeye, üretmeye, paylaşmaya, anlatmaya devam edeceğiz.","607.1",NA
"Sanatın ve sanatçının özgür bir ortamda üretebilmesinin bütün koşullarını yaratacağız.","502",NA
"Kültür ve sanat insanlarıyla, kurumlarıyla ve temsilcileriyle dayanışma içinde olmaya devam edeceğiz.","502",NA
"Kültür ve sanat alanındaki devlet baskısını bitireceğiz.","201.1",NA
"Yerelden genele sanatın örgütlenmesinin ve geliştirilmesinin önündeki her türlü engel kaldırılacak.","502",NA
"Çok dilli, çok sesli, çok renkli bir sanat ve kültür politikasını benimseyerek, sanata yönelik destek programlarını rant kapısı olmaktan çıkarıp yaratıcı sanatı teşvik edeceğiz.","502",NA
"Ülkemizde yaşayan ve kaybolan dillerdeki sanat ve kültür eserlerinin gün yüzüne çıkarılması, üretilmesi ve geliştirilmesi için her türlü koşulu yaratacağız.","502",NA
"Sansüre neden olan tüm yasaları yürürlükten kaldıracağız.","201.1",NA
"Sanat eseri ve sanatçı emeği güvence altına alınacak.","502",NA
"Sanatçıların örgütlenmesi desteklenecek.","701",NA
"Hasankeyf, Sümela, Efes, Zeugma ve Göbeklitepe gibi insanlık mirasına denk düşen varlıklarımızı koruyacağız, bu alanlara yönelik rant projelerini durduracağız.","502",NA
"Özellikle sinema ve televizyon sektöründe rastlanan sömürü ve insanlık dışı çalışma koşullarına son vereceğiz.","701",NA
"Sanatçıların bütün hak ve örgütlenme hakları destekleyeceğiz.","701",NA
"Kültür ve sanat alanında Devlet Sanatçısı ünvanı verme uygulamasını kaldıracağız.","502",NA
"en güzel ülke demokratik spor yapma ortamı olan ülkedir.","H",NA
"SPORDA ŞİDDET SON BULACAK","H",NA
"AKP ile Federasyon ve kulüp yönetimleri yandaş sermaye tekeline bırakılmıştır.","304",NA
"Spor, kitleler üzerinde propaganda aracına dönüştürülmüş, dostça yarışın ve hoşgörünün değil şovenizm ve holiganlığın alanı olmuştur.","605.1",NA
"Spora şaibe ve şike bulaştıran, belli kulüplere imtiyaz sağlayan, spor alanını mafyatik bir rüşvet ve kara para aklama alanına çeviren anlayışa karşı mücadele edeceğiz.","605.1",NA
"Halkın kolaylıkla ulaşacağı spor merkezleri, sahaları, alanları yaratacağız.","502",NA
"Sporu devletin ideolojik alanı olmaktan çıkarıp, halkın genel sağlığını önceleyen bir anlayışla yeniden örgütleyeceğiz.","502",NA
"Federasyonları demokratikleştirip inisiyatifi yerellere devredeceğiz.","502",NA
"Sporu toplumsal gerilim kaynağı olmaktan çıkarıp, toplumsal buluşma ve ortak coşku alanı haline getireceğiz.","502",NA
"Spor yapılanması, rakibe ve onun emeğine saygı duyma, adil koşullarda mücadele etme, kazanmaktan çok yarışın ve etkinliğin parçası olmayı önemseme gibi değerleri aktaracak.","502",NA
"Spora ayrılan kaynakları, dev sermaye yapılanmalarına değil her yurttaşın spor yapma imkanı için harcayacağız.","502",NA
"Passolig uygulamasına son vereceğiz.","201.1",NA
"Amatör spor desteklenecek, mahalle ve köylerde spor merkezleri kurulacak.","502",NA
"Spor, militarizm, cinsiyetçilik ve milliyetçiliğin av sahası olmaktan çıkartılacak.","502",NA
"Lisanslı faal sporcu sayısını artıracağız.","502",NA
"Lisanslı sporcuların spor dallarına göre dağılımı dengeli hale getirilecek, futbolun bütün diğer spor dallarını marjinalleştiren baskınlığı azaltılacak.","502",NA
"en güzel ülke gazetecileri özgür olan ülkedir.","H",NA
"BASIN VE İNTERNET ÖZGÜR OLACAK","H",NA
"Türkiye’de medya tek sesli hale gelmiş, iktidar medyayı toplumun dizaynı için bir araç olarak kullanmıştır.","201.1",NA
"OHAL döneminde gazetelere kayyum atanmış, 213 muhalif medya kuruluşu KHK’lerle kapatılmıştır.","201.1",NA
"İktidarın politikalarını eleştiren, sorgulayan yayınlar ise yapılamaz hale gelmiştir.","201.1",NA
"223 muhalif gazeteci cezaevindedir.","202.1",NA
"Türkiye, dünya basın özgürlüğü sıralamasında 180 ülke arasında 155. sıraya gerilemiştir.","202.1",NA
"Görsel, işitsel ve yazılı yayıncılık iktidar tarafından baskı altına alınmış, TRT gibi kamu yayıncılığı yapması gereken ve tüm yurttaşların vergisiyle finanse edilen bir kurum, iktidarın en önemli medya organı olarak hizmet vermiştir.","201.2",NA
"Siyaset ve ticaret ilişkileri nedeniyle toplumun doğru haber alma özgürlüğünün kısıtlanmasını ve medya aracılığıyla vatandaşın istismar edilmesini önleyeceğiz.","201.2",NA
"Medya kuruluşları sahiplerinin başka sektörlerde faaliyet göstermesine izin vermeyeceğiz.","403",NA
"Yasalarda basın özgürlüğünü engelleyen tüm düzenlemeleri kaldıracağız.","201.2",NA
"Cezaevlerinde tutuklu gazeteci kalmayacak.","202.1",NA
"Haber yapma ve gerçekleri yazma özgürlüğünü güvence altına alacağız.","201.2",NA
"Medyadaki tekelleşmeye son vereceğiz.","403",NA
"Tekçi iktidar medyası yerine halkın medyası olacak.","403",NA
"Çoğulcu, çok sesli, anadilinde yayıncılığı güvence altına alacağız.","607.1",NA
"Olağanüstü Hal kapsamında (OHAL) çıkarılan KHK’lerle kapatılan tüm medya kuruluşları yeniden açılacak, el konulan varlıkları iade edilecek.","202.1",NA
"Yazılı, görsel ve dijital medyanın tümünde mesleki, etik ve özgür habercilik ilkelerinin desteklenmesi için Basın Etik Yasası düzenleyeceğiz.","202.1",NA
"Medyadaki her türlü kışkırtıcı, hedef gösterici, cinsiyetçi, nefret dilinin önüne geçeceğiz.","202.1",NA
"Yayınlarda toplumsal cinsiyet eşitliğinin gözetilmesi, çocukların korunması tam güvence altında olacak.","503",NA
"Şiddeti, tacizi, istismarı, nefret dilini teşvik edecek yayınlara yönelik demokratik denetim mekanizmaları işletilecek.","605.1",NA
"İletişim özgürlüğünü kısıtlamaya dönük bütün müdahalelere, sansür ve otosansüre son vereceğiz.","201.1",NA
"Yerel radyo, televizyon ve gazeteler ile internet yayıncılığı yapan kuruluşları mesleki, etik ve özgür habercilik ilkelerine bağlı kalmaları ve bağımsızlıklarını korumaları için destekleyeceğiz.","201.1",NA
"RTÜK, demokratik ve özgürlükçü bir anlayışla yeniden yapılandırılacak, yasakçı bir konumdan çıkaracağız.","201.1",NA
"Yeni medya teknolojilerinin tüketimin teşvik edilmesi için değil, kamu yararı için kullanılmasını sağlayacağız.","404",NA
"İnternete yönelik her türlü sansür uygulamasına son vereceğiz.","201.1",NA
"Keyfi internet yasakları ve sosyal medyadaki düşünce özgürlüğü önündeki engelleri kaldıracağız.","201.1",NA
"Wikipedia, Twitter, Facebook gibi sosyal medya platformlarına yönelik yasakları sonlandıracağız.","201.1",NA
"Açık kaynak kodlu özgür yazılımı teşvik edeceğiz.","411",NA
"Anayasa ve yasa gereği kamu yayıncısı olması gerekirken bu amacın dışına çıkarak iktidarın sesi haline dönüşen TRT kurumunu tarafsızlaştıracak, kamu yayıncılığını esas alan bir yayın politikası uygulayağız.","201.1",NA
"TRT yayınlarında fırsat eşitliğinin gözetilmesini sağlayacağız.","201.1",NA
"en güzel ülke çocuk haklarının olduğu ülkedir.","H",NA
"ÇOCUK HAKLARI KORUNACAK","H",NA
"AKP 16 yıllık süreçte çocuklara yönelik kapsamlı politikalar üretmediği için çocuklar korumasız haldedir.","706",NA
"Çocuğa yönelik istismar yüzde 700 artarken, çocuk işçiliği, erken evlilik, intihar, uyuşturucu bağımlılığı ve kayıp çocuklar gibi sorun alanları korkutucu boyutlara ulaşmış durumdadır.","706",NA
"Çocukların cezaevlerinde yaşadıkları taciz, cinsel istismar ve saldırılar bu ülkenin/iktidarın ayıbı olarak karşımızda durmaktadır.","706",NA
"18 yaşın altındaki herkes çocuktur.","706",NA
"Bütün çocukların mutlu, onurlu ve barış içinde yaşamasını sağlayacağız.","706",NA
"Siyasetler üstü bir çocuk politikası için Çocuk Bakanlığı kuracağız.","201.2",NA
"Çocuk cezaevlerini kapatacağız.","706",NA
"Alternatif modeller uygulayarak, onarıcı adalet mekanizmalarını yaşama geçireceğiz.","706",NA
"OHAL kapsamında çıkarılan KHK’lerle kapatılan tüm çocuk hakları kurumlarını yeniden açacağız.","706",NA
"Çocuk hakları için çalışan sivil toplum örgütlerine kamu finansmanı sağlayacağız.","706",NA
"Tüm kamusal ve özel alanlarda çocuğa yönelik şiddete izin vermeyeceğiz.","706",NA
"İstismar ve ihmalin önlenmesi için etkili çözüm mekanizmaları oluşturacağız.","706",NA
"Cezasızlığı ortadan kaldıracağız.","605.1",NA
"İstismara uğrayan çocukları güvenli koşullarda koruma altına alacağız.","706",NA
"Çocuk bakım hizmetlerini yaygınlaştıracağız.","706",NA
"Bütün çocukların gelişimine uygun, anadilinde, bilimsel ve insan haklarına dayalı bir eğitim anlayışını uygulamaya geçireceğiz.","506",NA
"Çalışan, çalışmayan tüm kadın ve erkekler için yerel yönetim ve kamu finansmanıyla kreşler açacak ve destekleyeceğiz.","504",NA
"Çocuk dostu belediyecilik için yasalar çıkaracağız.","706",NA
"Yerellerde belediyelere bağlı olarak Çocuk Hakları İzleme ve Değerlendirme Komisyonları kuracak ve çocuk temelli alanlara yeterli kaynak ayıracağız.","706",NA
"Çocuklarla ilgili yasaları ve tüm yasalardaki çocukları etkileyen maddeleri gözden geçirip, bunların çocuk haklarına uyumlu hale getirilmesini sağlayacağız.","706",NA
"Çocuk yoksulluğunu önleyici politikalar geliştireceğiz.","504",NA
"Tüm çocukların gıda hakkını korumak için her mahallede Gıda Bankası kuracağız.","504",NA
"Her çocuğa temel gıda maddelerini içeren gıda paketini ücretsiz vereceğiz.","504",NA
"Sokakta yaşayan ve çalışmak zorunda kalan hiçbir çocuk kalmayacak.","504",NA
"Çocuk işçiliğini ortadan kaldıracağız.","706",NA
"Çocuklarda madde bağımlılığının son bulması için önleyici ve koruyucu politikaları hayata geçireceğiz.","706",NA
"Çocuklara hizmet üreten her kurumda yeterince uzman personel istihdam edeceğiz.","706",NA
"Çocukların kaldığı yurtlar ve diğer kurumlarda yaşanan şiddet ve istismarı önleyecek denetleme mekanizmalarını hayata geçireceğiz.","706",NA
"Çocuğu yaşamın tüm alanlarına katacak etkili mekanizmalar kuracağız.","706",NA
"en güzel ülke gençlerine umut veren kedir.","H",NA
"ÖZGÜR BİR GENÇLİK","H",NA
"Seçme ve seçilme yaşını 18’e indirmekle gençlerin sorunlarını çözdüğünü sananlar, gençler için siyaset alanını tasfiye etme peşindedir.","202.1",NA
"Gençler siyasetten ve sosyal yaşamdan dışlanmaktadır.","706",NA
"Güvenlikçi şiddet politikalarının hedefi gençlerdir.","605.2",NA
"Boğaziçi Üniversitesi öğrencilerinin maruz kaldığı hukuk dışılık, 70 bin gence uygulanan siyasal şiddetin sadece bir parçasıdır.","202.1",NA
"Cezaevlerinde 70 bin, işsiz olarak ise milyonlarca genç vardır.","706",NA
"Türkiye’yi geleceksiz bırakan genç işsizliği ile mücadele önceliklidir.","701",NA
"İşsiz gençlerin sosyal yaşamdan dışlanmalarının önüne geçeceğiz, mahallelerde ve semtlerde dayanışma ağlarını ve sosyalleşme olanaklarını geliştireceğiz.","701",NA
"Uyuşturucu ve madde bağımlılığına karşı en etkin mücadeleyi yürüteceğiz.","706",NA
"Nitelikten tamamen uzak bir şekilde “her kente bir üniversite” diyen anlayışın yarattığı yüzbinlerce diplomalı işsize, umutsuz gençlere nefes olacağız.","701",NA
"Eğitim,","504",NA
"sağlık, beslenme, barınma, ulaşım,","506",NA
"spor, sosyal ve kültürel gelişim gereksinimlerinin nitelikli ve parasız olarak karşılanması bir gençlik hakkıdır.","502",NA
"Bu hakkın hayat bulmasını sağlayacağız.","504",NA
"Gençlik Meclisleri modeli karar alma mekanizmalarının mutlak bir parçası olacak.","202.1",NA
"18 yaşındaki her yurttaşın sokakta, üniversitede, lisede, siyasal yaşamda söz, yetki, karar ve katılım hakkının önündeki tüm anayasal engelleri kaldıracağız.","202.1",NA
"İşe alımlarda torpil ve kayırmacılığa son verip, liyakata dayalı, bilimsel ölçütler getireceğiz.","701",NA
"Memur alımlarında kayırmacılığa sebep olan mülakat şartını kaldıracağız.","304",NA
"İş hayatındaki yaş ve tecrübe hiyerarşisinin sebep olduğu eşitsizliği ortadan kaldıracağız.","503",NA
"Stajyer ve çıraklık şeklinde kamufle edilen yeni kölelik koşullarını önleyici tedbirler alacağız.","701",NA
"Psikolojik baskı, tehdit, taciz, angarya, ücret eşitsizliği uygulamalarına karşı önlemler geliştireceğiz.","701",NA
"İşsiz gençlerin sosyal güvenlik sistemine dâhil olmasını ve işsizlik sigortasından faydalanmasını sağlayacağız.","504",NA
"Gençler için internet erişiminin bir hak olduğu anlayışıyla sansürsüz, ücretsiz ve özgür internet erişimi sağlayacağız.","504",NA
"Bununla beraber, hakkın kullanımının gençleri yaşamdan koparıcı bir bağımlılığa dönüşmesini önleyici sosyalleşme politikaları geliştireceğiz.","504",NA
"Tüm gençlerin vize ve pasaport işlemlerinin ücretsiz bir şekilde yapılması sağlanacak.","504",NA
"Çalışan, işsiz, öğrenci tüm gençlere, her ay 500 TL yükleyeceğimiz GENÇ KART dağıtacağız.","504",NA
"Üniversite gençliğinin yurt ve barınma sorunlarını hızla çözerek, geleceklerinin tarikatlara teslim edilmesinin önüne geçeceğiz.","506",NA
"Tüm üniversite öğrencilerine ücretsiz yurt ve barınma imkânı sağlayacağız.","506",NA
"Yurt ve barınma imkânı sağlanamayan yaklaşık 1 milyon üniversiteli öğrenciye 500 lira kira yardımı yapacağız.","506",NA
"KYK burslarını karşılıksız hale getireceğiz.","506",NA
"Bursları her öğrenci için en az 750 TL’ye çıkaracak, bu miktarı yüksek lisans ve doktora için kademeli olarak artıracağız.","506",NA
"2010 yılına kadar olan geçmiş KYK borçlarını silecek, 2010 yılından itibaren ödenen borçları ise yasal faizleri ile birlikte geri ödeyeceğiz.","506",NA
"Üniversite ve yurt yemekhanelerini ücretsiz hale getireceğiz.","506",NA
"Bizler, bereketli topraklarımızı gençlerin geleceklerini başka ülkelerde aramayacağı bir hale getireceğiz.","506",NA
"en güzel ülke kadınların eşit ve özgür olduğu ülkedir.","H",NA
"TOPLUMSAL CİNSİYET EŞİTLİĞİ VE KADINLARIN ÖZGÜRLÜĞÜ","H",NA
"Kadınlar değiştirir!","H",NA
"Kadınlar sosyal, siyasal, entelektüel alandaki var oluşlarını ortadan kaldıran, kadınları görünmez alanlara iten, yeteneklerini, birikimlerini yok eden, kadınların toplumsal yaşamda var olma hakkını yok sayan bir siyasi iktidar ile karşı karşıyadır.","706",NA
"Erkek egemenliği, faşizmin yükselişiyle birlikte kadınlar üzerindeki baskısını sistematik olarak artırmıştır.","706",NA
"Kadın cinayetleri, tecavüzler, kadın kazanımlarının, medeni ve sosyal hakların gaspı, yaşam biçimlerine müdahale, kadın iradesini rehin tutma, evde ve sokakta kadına karşı derinleşen şiddet, iktidarın kadın politikalarının bir sonucudur.","706",NA
"Kadınların yer almadığı, sesinin sözünün yansımadığı bir rejim kurulmak isteniyor.","706",NA
"Ama biz kadınlar, OHAL şartlarında bile sokakları terk etmiyor ve muktedirlere geçit vermiyoruz.","706",NA
"En büyük gücümüz kadın ittifakıdır.","706",NA
"Gücümüzün farkındayız ve yan yana yürümeye devam ediyoruz.","706",NA
"Kadınların, tarihin bu evresinde alacağı tutum ve tavır geleceği doğrudan etkileyecektir.","706",NA
"Yaşamın, siyasetin, hakların eşit paylaşımı için birlikte, eşit ve özgür bir ülkeyi yeniden kurmak için erkek egemen iktidara meydan okuyoruz ve değiştiriyoruz.","706",NA
"24 Haziran seçimleri ile sadece bir cumhurbaşkanı ve milletvekilleri seçilmeyecek, bir rejim de değiştirilecektir.","706",NA
"16 yıldır adım adım uygulamaya konulan ve açık bir faşizme dönüşen bu tekçi, cinsiyetçi, militarist rejimi kadınlar değiştirir.","706",NA
"Kadınlar hayatlarına sahip çıkmak için meydanlarda ve sandık başlarında olacaklar.","706",NA
"24 Haziran’da her şey kadınlarla değişecek.","706",NA
"24 Haziran seçimleri, kadınlar için bir dönüm noktası olacak.","706",NA
"16 yıldır kadınlar üzerindekibaskısını giderek artıran, tekçi ve erkek egemen yönetime karşıkadınlar iradelerini, sözlerini ve hayallerini yönetime taşıyacaklar.","706",NA
"Her türlü muhalefetin hedef alındığı bu dönemde, kadınlar, kadın dayanışmasını ülkenin dört bir yanına yayacak.","706",NA
"8 Mart’larda, 25 Kasım’larda, kadın grevlerinde ne kadar güçlü olduğumuzu birkez daha gördük.","706",NA
"Gücümüzün farkındayız.","706",NA
"25 Haziran’da Kadınlar Yönetimde Olacak","H",NA
"Evde, sokakta, sosyal ve siyasal alanda mücadele ederek kazandığımız eşit temsil ve eş başkanlık sistemini Cumhurbaşkanlığına da taşıyacağız.","503",NA
"Eş Cumhurbaşkanlığı sistemini, halkın ortak yönetimini hedefleyen çoğulcu bir yönetim mekanizmasıyla güçlendireceğiz.","202.1",NA
"Toplumsal barışın tesisinde kadınların inisiyatifini etkin ve görünür kılacağız.","706",NA
"Kadınlar arasında sınırları aşan bir dayanışmayı büyüteceğiz.","706",NA
"Tüm dünyanın gıptayla izlediği eşbaşkanlık modeliyle kentlerimizi yönetmeye devam edeceğiz.","301",NA
"Kayyumların kapattığı tüm kadın destek evlerini tekrar açıp, kadın dostu kentler inşa etmeye devam edeceğiz.","706",NA
"Olağanüstü Hal bahane edilerek kapatılan ve kadınların yaşamında hayati bir önem taşıyan tüm kadın derneklerini ve vakıflarını hep birlikte tekrar açacağız.","606.1",NA
"Kadınların seslerini duyurabilecekleri, “erkekler ne der diye düşünmeden” kadın haberciliği yapacak,","503",NA
"toplumsal cinsiyet eşitliğini temel alan özgür basın geleneğini güçlü inşa edeceğiz.","201.2",NA
"Göçmen kadınların, kadın ve göçmen olmaktan kaynaklı yaşadıkları sorunları çözüme kavuşturacağız.","201.2",NA
"Tarihler boyunca hep birlikte elde ettiğimiz kazanımlarımızla, siyasete “reisliği”, hane içlerine “Erdoğan modeli” erkekliği taşıyarak kadınları yok sayan rejime set olacağız.","706",NA
"Ne giyeceğimize, nasıl yaşayacağımıza, nereye gideceğimize kendimiz karar vereceğiz.","706",NA
"Güven içinde, neşeyle, coşkuyla, umutla yaşayacağız.","706",NA
"Bedenimize, emeğimize ve kimliğimize hiçbir erkek ve iktidar dokunamayacak.","706",NA
"Biz’ler, kadınlarla ilgili sorunlara doğrudan kadınların ve kadın kurumlarının çözüm geliştirdiği Kadın Bakanlığı’nı kuracağız.","706",NA
"Bizleri evlilik, giyim, savaş siyaseti üzerinden bölmelerine, makbul/makbul olmayan diye ayırmalarına izin vermeyeceğiz.","706",NA
"Farklılıklarımızla,","607.1",NA
"özgürlüğümüzle ve","201.2",NA
"inşa edeceğimiz barışla buluşacağız.","106",NA
"Kendi erkek egemen çıkarlarını meşrulaştırmak için dini inançları araçsallaştıran iktidara karşı; kadın haklarına saygılı inanç özgürlüğünü savunacağız.","201.2",NA
"Başörtümüze de etek boyumuza da kendimiz karar vereceğiz.","201.2",NA
"Engelli kadınlarla birlikte engelsiz bir yaşamı birlikte inşa edeceğiz.","503",NA
"Kadınların uluslararası birlikteliğinin kutlaması olan 8 Mart’ı kadınlar için resmî tatil ilan edeceğiz.","706",NA
"Üç çocuk-beş çocuk doğurma baskısına karşı, doğurmak istemiyorsak doğurmayacak, istediğimiz kadar çocuk dünyaya getireceğiz.","706",NA
"Erkeklerin de ebeveynlik sorumluluğunu üstlenmelerini, ev emeğini paylaşmalarını teşvik edeceğiz.","706",NA
"Devredilemez babalık izni getireceğiz.","706",NA
"Ulaşılabilir, ücretsiz, kaliteli mahalle ve işyeri kreşleri açacağız.","504",NA
"Ortak yaşam alanlarında ev içi emeğin de çocuk, yaşlı ve hasta bakımının da ortaklaştırılması için politikalar üreteceğiz.","504",NA
"Ücretli ya da ücretsiz bakımın, kadınların işi olmaktan çıkması için hasta, yaşlı bakım evleri açacağız.","504",NA
"Evleri, işyerlerini, sokakları ve geceleri kadınlar için güvenli hale getireceğiz.","706",NA
"Yaşadığımız alanlarda şiddet, taciz korkusu olmadan özgürce dolaşabileceğiz.","706",NA
"Cezaevlerinde muhalifler, seçilmiş milletvekilleri, belediye başkanları değil; isimleri şiddetle, tecavüzle, yolsuzlukla, istismarla anılanlar olacak;","605.1",NA
"İstanbul Sözleşmesi’ne uygun nitelikte ve yeterli sayıda sığınak ve tecavüz kriz merkezi kuracağız.","706",NA
"Erkek Adaletin Yerine Gerçek Adaleti Getireceğiz!","H",NA
"Kadın cinayetleri davalarında erkeklik indirimi halini almış “iyi hal” ve “tahrik” indirimlerine karşı faillerin caydırıcı ve adil cezalar almasını sağlayacağız.","605.1",NA
"Adalet artık ertelenmeyecek, kamu vicdanında bir yara olan cezasızlık ortadan kalkacak.","605.1",NA
"Türkiye’de çalışmak istediği halde işsiz, milyonlarca kadın var.","701",NA
"Hiçbir kadın yoksullukla,","504",NA
"işsizlikle mücadele etmek zorunda kalmayacak.","701",NA
"Esnek, güvencesiz, yarı zamanlı değil; güvenceli, eşdeğer işe eşit ücret ödenen insanca işlerde çalışacağız.","701",NA
"Tüm KHK'ler iptal edilecek; işinden edilmiş on binlerce kadın, zorlukla edindikleri mesleklerine geri dönecek.","202.1",NA
"Hem evde hem işte çalışan, çifte mesai yapan biz kadınlara erken emeklilik getireceğiz.","701",NA
"Kadınlara, babadan ve kocadan bağımsız sağlık sigortası güvencesi, işsizlik ödeneği ve yurttaşlık geliri vereceğiz.","504",NA
"Mevsimlik-gezici tüm işçilere bulundukları yerde iş olanakları sağlayacağız.","701",NA
"Mevsimlik kadın işçilerin gittikleri yerlerde her türlü sömürü ve ayrımcılığa uğramalarına, traktör, kamyon kasalarında yaşamlarından kopartılmalarına son vereceğiz.","701",NA
"Erkek işi sayılan işlere, yönetim kademelerine kadın kotası getireceğiz.","503",NA
"Eğitimde ayrımcılığa ve cinsiyetçiliğe son vereceğiz; okuyacağımız okulları da çalışacağımız işleri de biz seçeceğiz.","503",NA
"Ormanların, derelerin, havanın, suyun, taşın, toprağın, ağacın, kurdun, kuşun, böceğin, tüm yaşamın haklarını koruyacak, yaşamın bilgisini savunacağız.","501",NA
"Toplumsal, kültürel ve siyasal alanda LGBTİ+’lara karşı başta nefret cinayetleri olmak üzere, her türlü eşitsizliğin ve ayrımcılığın ortadan kaldırılmasını sağlayacak adımları atıp, eşit, özgür ve onurlu bir yaşam sürdürebilecekleri koşulları oluşturacağız.","705",NA
"Cinsiyet kimliğine saygı kültürünü geliştireceğiz.","201.2",NA
"LGBTİ+’ler için istihdam seçeneklerini artıracağız.","705",NA
"Yalnızca kadına yönelik şiddetin ortaya çıkardığı sonuçları değil, şiddetin kendisini ortadan kaldırmayı hedefleyeceğiz.","706",NA
"Önleyici politikalarımızla, şiddetin asıl nedeni olan erkek egemenliğiyle mücadele edeceğiz.","706",NA
